date,tvl_usd,protocol,category,slug
2023-06-14 00:00:00,13300350,EigenLayer,restaking,eigencloud
2023-06-15 00:00:00,16484319,EigenLayer,restaking,eigencloud
2023-06-16 00:00:00,16557169,EigenLayer,restaking,eigencloud
2023-06-17 00:00:00,17099837,EigenLayer,restaking,eigencloud
2023-06-18 00:00:00,17177115,EigenLayer,restaking,eigencloud
2023-06-19 00:00:00,17161176,EigenLayer,restaking,eigencloud
2023-06-20 00:00:00,17335749,EigenLayer,restaking,eigencloud
2023-06-21 00:00:00,17929755,EigenLayer,restaking,eigencloud
2023-06-22 00:00:00,19083949,EigenLayer,restaking,eigencloud
2023-06-23 00:00:00,18695588,EigenLayer,restaking,eigencloud
2023-06-24 00:00:00,18769390,EigenLayer,restaking,eigencloud
2023-06-25 00:00:00,18682076,EigenLayer,restaking,eigencloud
2023-06-26 00:00:00,18888744,EigenLayer,restaking,eigencloud
2023-06-27 00:00:00,18566137,EigenLayer,restaking,eigencloud
2023-06-28 00:00:00,18657881,EigenLayer,restaking,eigencloud
2023-06-29 00:00:00,18257499,EigenLayer,restaking,eigencloud
2023-06-30 00:00:00,18453136,EigenLayer,restaking,eigencloud
2023-07-01 00:00:00,19332958,EigenLayer,restaking,eigencloud
2023-07-02 00:00:00,19164797,EigenLayer,restaking,eigencloud
2023-07-03 00:00:00,19321233,EigenLayer,restaking,eigencloud
2023-07-04 00:00:00,19504158,EigenLayer,restaking,eigencloud
2023-07-05 00:00:00,19332540,EigenLayer,restaking,eigencloud
2023-07-06 00:00:00,18997957,EigenLayer,restaking,eigencloud
2023-07-07 00:00:00,18380332,EigenLayer,restaking,eigencloud
2023-07-08 00:00:00,18662952,EigenLayer,restaking,eigencloud
2023-07-09 00:00:00,18633873,EigenLayer,restaking,eigencloud
2023-07-10 00:00:00,18574453,EigenLayer,restaking,eigencloud
2023-07-11 00:00:00,18739752,EigenLayer,restaking,eigencloud
2023-07-12 00:00:00,18774366,EigenLayer,restaking,eigencloud
2023-07-13 00:00:00,81727495,EigenLayer,restaking,eigencloud
2023-07-14 00:00:00,94308514,EigenLayer,restaking,eigencloud
2023-07-15 00:00:00,90370779,EigenLayer,restaking,eigencloud
2023-07-16 00:00:00,90505184,EigenLayer,restaking,eigencloud
2023-07-17 00:00:00,89939140,EigenLayer,restaking,eigencloud
2023-07-18 00:00:00,89502627,EigenLayer,restaking,eigencloud
2023-07-19 00:00:00,89328221,EigenLayer,restaking,eigencloud
2023-07-20 00:00:00,88549489,EigenLayer,restaking,eigencloud
2023-07-21 00:00:00,88528355,EigenLayer,restaking,eigencloud
2023-07-22 00:00:00,88761002,EigenLayer,restaking,eigencloud
2023-07-23 00:00:00,87166102,EigenLayer,restaking,eigencloud
2023-07-24 00:00:00,88434755,EigenLayer,restaking,eigencloud
2023-07-25 00:00:00,86653035,EigenLayer,restaking,eigencloud
2023-07-26 00:00:00,86933590,EigenLayer,restaking,eigencloud
2023-07-27 00:00:00,87461968,EigenLayer,restaking,eigencloud
2023-07-28 00:00:00,87186405,EigenLayer,restaking,eigencloud
2023-07-29 00:00:00,87807672,EigenLayer,restaking,eigencloud
2023-07-30 00:00:00,87987818,EigenLayer,restaking,eigencloud
2023-07-31 00:00:00,87662292,EigenLayer,restaking,eigencloud
2023-08-01 00:00:00,87179548,EigenLayer,restaking,eigencloud
2023-08-02 00:00:00,87446438,EigenLayer,restaking,eigencloud
2023-08-03 00:00:00,86202446,EigenLayer,restaking,eigencloud
2023-08-04 00:00:00,86020839,EigenLayer,restaking,eigencloud
2023-08-05 00:00:00,85727394,EigenLayer,restaking,eigencloud
2023-08-06 00:00:00,85967670,EigenLayer,restaking,eigencloud
2023-08-07 00:00:00,85621076,EigenLayer,restaking,eigencloud
2023-08-08 00:00:00,85816651,EigenLayer,restaking,eigencloud
2023-08-09 00:00:00,87144526,EigenLayer,restaking,eigencloud
2023-08-10 00:00:00,87120542,EigenLayer,restaking,eigencloud
2023-08-11 00:00:00,86973088,EigenLayer,restaking,eigencloud
2023-08-12 00:00:00,86985817,EigenLayer,restaking,eigencloud
2023-08-13 00:00:00,86891632,EigenLayer,restaking,eigencloud
2023-08-14 00:00:00,86453507,EigenLayer,restaking,eigencloud
2023-08-15 00:00:00,86685648,EigenLayer,restaking,eigencloud
2023-08-16 00:00:00,85938338,EigenLayer,restaking,eigencloud
2023-08-17 00:00:00,84038826,EigenLayer,restaking,eigencloud
2023-08-18 00:00:00,79363634,EigenLayer,restaking,eigencloud
2023-08-19 00:00:00,78469202,EigenLayer,restaking,eigencloud
2023-08-20 00:00:00,78690842,EigenLayer,restaking,eigencloud
2023-08-21 00:00:00,79120605,EigenLayer,restaking,eigencloud
2023-08-22 00:00:00,78459103,EigenLayer,restaking,eigencloud
2023-08-23 00:00:00,235555035,EigenLayer,restaking,eigencloud
2023-08-24 00:00:00,242266369,EigenLayer,restaking,eigencloud
2023-08-25 00:00:00,238802490,EigenLayer,restaking,eigencloud
2023-08-26 00:00:00,237951703,EigenLayer,restaking,eigencloud
2023-08-27 00:00:00,236901223,EigenLayer,restaking,eigencloud
2023-08-28 00:00:00,238307988,EigenLayer,restaking,eigencloud
2023-08-29 00:00:00,237750733,EigenLayer,restaking,eigencloud
2023-08-30 00:00:00,248630976,EigenLayer,restaking,eigencloud
2023-08-31 00:00:00,245234866,EigenLayer,restaking,eigencloud
2023-09-01 00:00:00,237537578,EigenLayer,restaking,eigencloud
2023-09-02 00:00:00,234422874,EigenLayer,restaking,eigencloud
2023-09-03 00:00:00,234816957,EigenLayer,restaking,eigencloud
2023-09-04 00:00:00,235033031,EigenLayer,restaking,eigencloud
2023-09-05 00:00:00,233659097,EigenLayer,restaking,eigencloud
2023-09-06 00:00:00,234273968,EigenLayer,restaking,eigencloud
2023-09-07 00:00:00,234192436,EigenLayer,restaking,eigencloud
2023-09-08 00:00:00,236463202,EigenLayer,restaking,eigencloud
2023-09-09 00:00:00,234566529,EigenLayer,restaking,eigencloud
2023-09-10 00:00:00,233922810,EigenLayer,restaking,eigencloud
2023-09-11 00:00:00,230731328,EigenLayer,restaking,eigencloud
2023-09-12 00:00:00,220919023,EigenLayer,restaking,eigencloud
2023-09-13 00:00:00,226227088,EigenLayer,restaking,eigencloud
2023-09-14 00:00:00,227389542,EigenLayer,restaking,eigencloud
2023-09-15 00:00:00,230041036,EigenLayer,restaking,eigencloud
2023-09-16 00:00:00,231158676,EigenLayer,restaking,eigencloud
2023-09-17 00:00:00,229124772,EigenLayer,restaking,eigencloud
2023-09-18 00:00:00,226905416,EigenLayer,restaking,eigencloud
2023-09-19 00:00:00,229459917,EigenLayer,restaking,eigencloud
2023-09-20 00:00:00,229008549,EigenLayer,restaking,eigencloud
2023-09-21 00:00:00,226378166,EigenLayer,restaking,eigencloud
2023-09-22 00:00:00,221244832,EigenLayer,restaking,eigencloud
2023-09-23 00:00:00,222845987,EigenLayer,restaking,eigencloud
2023-09-24 00:00:00,222372697,EigenLayer,restaking,eigencloud
2023-09-25 00:00:00,219626267,EigenLayer,restaking,eigencloud
2023-09-26 00:00:00,220809554,EigenLayer,restaking,eigencloud
2023-09-27 00:00:00,221555429,EigenLayer,restaking,eigencloud
2023-09-28 00:00:00,222169058,EigenLayer,restaking,eigencloud
2023-09-29 00:00:00,230025345,EigenLayer,restaking,eigencloud
2023-09-30 00:00:00,231465894,EigenLayer,restaking,eigencloud
2023-10-01 00:00:00,231914580,EigenLayer,restaking,eigencloud
2023-10-02 00:00:00,239647085,EigenLayer,restaking,eigencloud
2023-10-03 00:00:00,230461574,EigenLayer,restaking,eigencloud
2023-10-04 00:00:00,227259709,EigenLayer,restaking,eigencloud
2023-10-05 00:00:00,227075949,EigenLayer,restaking,eigencloud
2023-10-06 00:00:00,222894139,EigenLayer,restaking,eigencloud
2023-10-07 00:00:00,226928374,EigenLayer,restaking,eigencloud
2023-10-08 00:00:00,225343871,EigenLayer,restaking,eigencloud
2023-10-09 00:00:00,224250559,EigenLayer,restaking,eigencloud
2023-10-10 00:00:00,217583469,EigenLayer,restaking,eigencloud
2023-10-11 00:00:00,215831736,EigenLayer,restaking,eigencloud
2023-10-12 00:00:00,215196156,EigenLayer,restaking,eigencloud
2023-10-13 00:00:00,212149745,EigenLayer,restaking,eigencloud
2023-10-14 00:00:00,213130778,EigenLayer,restaking,eigencloud
2023-10-15 00:00:00,213253877,EigenLayer,restaking,eigencloud
2023-10-16 00:00:00,209183984,EigenLayer,restaking,eigencloud
2023-10-17 00:00:00,214641151,EigenLayer,restaking,eigencloud
2023-10-18 00:00:00,209630724,EigenLayer,restaking,eigencloud
2023-10-19 00:00:00,209376615,EigenLayer,restaking,eigencloud
2023-10-20 00:00:00,209976236,EigenLayer,restaking,eigencloud
2023-10-21 00:00:00,215060962,EigenLayer,restaking,eigencloud
2023-10-22 00:00:00,218564741,EigenLayer,restaking,eigencloud
2023-10-23 00:00:00,222596449,EigenLayer,restaking,eigencloud
2023-10-24 00:00:00,238609083,EigenLayer,restaking,eigencloud
2023-10-25 00:00:00,237631309,EigenLayer,restaking,eigencloud
2023-10-26 00:00:00,228031538,EigenLayer,restaking,eigencloud
2023-10-27 00:00:00,228851576,EigenLayer,restaking,eigencloud
2023-10-28 00:00:00,224854540,EigenLayer,restaking,eigencloud
2023-10-29 00:00:00,224003999,EigenLayer,restaking,eigencloud
2023-10-30 00:00:00,226437573,EigenLayer,restaking,eigencloud
2023-10-31 00:00:00,231172058,EigenLayer,restaking,eigencloud
2023-11-01 00:00:00,229087306,EigenLayer,restaking,eigencloud
2023-11-02 00:00:00,232854917,EigenLayer,restaking,eigencloud
2023-11-03 00:00:00,226406105,EigenLayer,restaking,eigencloud
2023-11-04 00:00:00,232634570,EigenLayer,restaking,eigencloud
2023-11-05 00:00:00,238246921,EigenLayer,restaking,eigencloud
2023-11-06 00:00:00,238809515,EigenLayer,restaking,eigencloud
2023-11-07 00:00:00,235942635,EigenLayer,restaking,eigencloud
2023-11-08 00:00:00,237020838,EigenLayer,restaking,eigencloud
2023-11-09 00:00:00,239639096,EigenLayer,restaking,eigencloud
2023-11-10 00:00:00,362392069,EigenLayer,restaking,eigencloud
2023-11-11 00:00:00,354318236,EigenLayer,restaking,eigencloud
2023-11-12 00:00:00,348660102,EigenLayer,restaking,eigencloud
2023-11-13 00:00:00,347065043,EigenLayer,restaking,eigencloud
2023-11-14 00:00:00,349092899,EigenLayer,restaking,eigencloud
2023-11-15 00:00:00,335931959,EigenLayer,restaking,eigencloud
2023-11-16 00:00:00,348877118,EigenLayer,restaking,eigencloud
2023-11-17 00:00:00,332022708,EigenLayer,restaking,eigencloud
2023-11-18 00:00:00,331176917,EigenLayer,restaking,eigencloud
2023-11-19 00:00:00,332354466,EigenLayer,restaking,eigencloud
2023-11-20 00:00:00,340772348,EigenLayer,restaking,eigencloud
2023-11-21 00:00:00,343329060,EigenLayer,restaking,eigencloud
2023-11-22 00:00:00,328544345,EigenLayer,restaking,eigencloud
2023-11-23 00:00:00,349468887,EigenLayer,restaking,eigencloud
2023-11-24 00:00:00,349251924,EigenLayer,restaking,eigencloud
2023-11-25 00:00:00,353068511,EigenLayer,restaking,eigencloud
2023-11-26 00:00:00,359757741,EigenLayer,restaking,eigencloud
2023-11-27 00:00:00,360444008,EigenLayer,restaking,eigencloud
2023-11-28 00:00:00,354908847,EigenLayer,restaking,eigencloud
2023-11-29 00:00:00,358907476,EigenLayer,restaking,eigencloud
2023-11-30 00:00:00,359403374,EigenLayer,restaking,eigencloud
2023-12-01 00:00:00,368679788,EigenLayer,restaking,eigencloud
2023-12-02 00:00:00,383271339,EigenLayer,restaking,eigencloud
2023-12-03 00:00:00,401133548,EigenLayer,restaking,eigencloud
2023-12-04 00:00:00,406570884,EigenLayer,restaking,eigencloud
2023-12-05 00:00:00,416033238,EigenLayer,restaking,eigencloud
2023-12-06 00:00:00,426926300,EigenLayer,restaking,eigencloud
2023-12-07 00:00:00,413418510,EigenLayer,restaking,eigencloud
2023-12-08 00:00:00,441231204,EigenLayer,restaking,eigencloud
2023-12-09 00:00:00,441372116,EigenLayer,restaking,eigencloud
2023-12-10 00:00:00,441106580,EigenLayer,restaking,eigencloud
2023-12-11 00:00:00,445473341,EigenLayer,restaking,eigencloud
2023-12-12 00:00:00,423109989,EigenLayer,restaking,eigencloud
2023-12-13 00:00:00,417019507,EigenLayer,restaking,eigencloud
2023-12-14 00:00:00,427732310,EigenLayer,restaking,eigencloud
2023-12-15 00:00:00,440639596,EigenLayer,restaking,eigencloud
2023-12-16 00:00:00,422960844,EigenLayer,restaking,eigencloud
2023-12-17 00:00:00,423554389,EigenLayer,restaking,eigencloud
2023-12-18 00:00:00,418207228,EigenLayer,restaking,eigencloud
2023-12-19 00:00:00,829372287,EigenLayer,restaking,eigencloud
2023-12-20 00:00:00,950048816,EigenLayer,restaking,eigencloud
2023-12-21 00:00:00,1007779914,EigenLayer,restaking,eigencloud
2023-12-22 00:00:00,1064517545,EigenLayer,restaking,eigencloud
2023-12-23 00:00:00,1151349510,EigenLayer,restaking,eigencloud
2023-12-24 00:00:00,1185163139,EigenLayer,restaking,eigencloud
2023-12-25 00:00:00,1185312096,EigenLayer,restaking,eigencloud
2023-12-26 00:00:00,1202114797,EigenLayer,restaking,eigencloud
2023-12-27 00:00:00,1193370426,EigenLayer,restaking,eigencloud
2023-12-28 00:00:00,1294087547,EigenLayer,restaking,eigencloud
2023-12-29 00:00:00,1294055519,EigenLayer,restaking,eigencloud
2023-12-30 00:00:00,1293333534,EigenLayer,restaking,eigencloud
2023-12-31 00:00:00,1322709263,EigenLayer,restaking,eigencloud
2024-01-01 00:00:00,1342736759,EigenLayer,restaking,eigencloud
2024-01-02 00:00:00,1394679179,EigenLayer,restaking,eigencloud
2024-01-03 00:00:00,1495224064,EigenLayer,restaking,eigencloud
2024-01-04 00:00:00,1416162937,EigenLayer,restaking,eigencloud
2024-01-05 00:00:00,1461138662,EigenLayer,restaking,eigencloud
2024-01-06 00:00:00,1461492440,EigenLayer,restaking,eigencloud
2024-01-07 00:00:00,1453354915,EigenLayer,restaking,eigencloud
2024-01-08 00:00:00,1443330534,EigenLayer,restaking,eigencloud
2024-01-09 00:00:00,1527220794,EigenLayer,restaking,eigencloud
2024-01-10 00:00:00,1536415924,EigenLayer,restaking,eigencloud
2024-01-11 00:00:00,1713871412,EigenLayer,restaking,eigencloud
2024-01-12 00:00:00,1735243507,EigenLayer,restaking,eigencloud
2024-01-13 00:00:00,1675671556,EigenLayer,restaking,eigencloud
2024-01-14 00:00:00,1720734959,EigenLayer,restaking,eigencloud
2024-01-15 00:00:00,1674030888,EigenLayer,restaking,eigencloud
2024-01-16 00:00:00,1715757835,EigenLayer,restaking,eigencloud
2024-01-17 00:00:00,1807916642,EigenLayer,restaking,eigencloud
2024-01-18 00:00:00,1795754488,EigenLayer,restaking,eigencloud
2024-01-19 00:00:00,1794033767,EigenLayer,restaking,eigencloud
2024-01-20 00:00:00,1841255500,EigenLayer,restaking,eigencloud
2024-01-21 00:00:00,1849951370,EigenLayer,restaking,eigencloud
2024-01-22 00:00:00,1892413727,EigenLayer,restaking,eigencloud
2024-01-23 00:00:00,1806157135,EigenLayer,restaking,eigencloud
2024-01-24 00:00:00,1804701726,EigenLayer,restaking,eigencloud
2024-01-25 00:00:00,1834327997,EigenLayer,restaking,eigencloud
2024-01-26 00:00:00,1837219733,EigenLayer,restaking,eigencloud
2024-01-27 00:00:00,1925948619,EigenLayer,restaking,eigencloud
2024-01-28 00:00:00,1963355530,EigenLayer,restaking,eigencloud
2024-01-29 00:00:00,1998992779,EigenLayer,restaking,eigencloud
2024-01-30 00:00:00,2074177593,EigenLayer,restaking,eigencloud
2024-01-31 00:00:00,2123282669,EigenLayer,restaking,eigencloud
2024-02-01 00:00:00,2113582487,EigenLayer,restaking,eigencloud
2024-02-02 00:00:00,2169638393,EigenLayer,restaking,eigencloud
2024-02-03 00:00:00,2236979917,EigenLayer,restaking,eigencloud
2024-02-04 00:00:00,2276593385,EigenLayer,restaking,eigencloud
2024-02-05 00:00:00,2299955808,EigenLayer,restaking,eigencloud
2024-02-06 00:00:00,3490776465,EigenLayer,restaking,eigencloud
2024-02-07 00:00:00,4196693320,EigenLayer,restaking,eigencloud
2024-02-08 00:00:00,4840657401,EigenLayer,restaking,eigencloud
2024-02-09 00:00:00,5694399684,EigenLayer,restaking,eigencloud
2024-02-10 00:00:00,6180935475,EigenLayer,restaking,eigencloud
2024-02-11 00:00:00,6244423772,EigenLayer,restaking,eigencloud
2024-02-12 00:00:00,6289427929,EigenLayer,restaking,eigencloud
2024-02-13 00:00:00,6721464199,EigenLayer,restaking,eigencloud
2024-02-14 00:00:00,6809547621,EigenLayer,restaking,eigencloud
2024-02-15 00:00:00,7244916772,EigenLayer,restaking,eigencloud
2024-02-16 00:00:00,7361707794,EigenLayer,restaking,eigencloud
2024-02-17 00:00:00,7324777308,EigenLayer,restaking,eigencloud
2024-02-18 00:00:00,7295505736,EigenLayer,restaking,eigencloud
2024-02-19 00:00:00,7584888995,EigenLayer,restaking,eigencloud
2024-02-20 00:00:00,7810850736,EigenLayer,restaking,eigencloud
2024-02-21 00:00:00,8027457158,EigenLayer,restaking,eigencloud
2024-02-22 00:00:00,7948437077,EigenLayer,restaking,eigencloud
2024-02-23 00:00:00,8038364945,EigenLayer,restaking,eigencloud
2024-02-24 00:00:00,7907419827,EigenLayer,restaking,eigencloud
2024-02-25 00:00:00,8122702441,EigenLayer,restaking,eigencloud
2024-02-26 00:00:00,8498035525,EigenLayer,restaking,eigencloud
2024-02-27 00:00:00,8827157429,EigenLayer,restaking,eigencloud
2024-02-28 00:00:00,9265745625,EigenLayer,restaking,eigencloud
2024-02-29 00:00:00,9741289639,EigenLayer,restaking,eigencloud
2024-03-01 00:00:00,9761771426,EigenLayer,restaking,eigencloud
2024-03-02 00:00:00,10166532066,EigenLayer,restaking,eigencloud
2024-03-03 00:00:00,10139844906,EigenLayer,restaking,eigencloud
2024-03-04 00:00:00,10399279587,EigenLayer,restaking,eigencloud
2024-03-05 00:00:00,10814998271,EigenLayer,restaking,eigencloud
2024-03-06 00:00:00,10677521422,EigenLayer,restaking,eigencloud
2024-03-07 00:00:00,11547012361,EigenLayer,restaking,eigencloud
2024-03-08 00:00:00,11684855211,EigenLayer,restaking,eigencloud
2024-03-09 00:00:00,11838239441,EigenLayer,restaking,eigencloud
2024-03-10 00:00:00,11997554481,EigenLayer,restaking,eigencloud
2024-03-11 00:00:00,11953281777,EigenLayer,restaking,eigencloud
2024-03-12 00:00:00,12613457124,EigenLayer,restaking,eigencloud
2024-03-13 00:00:00,12307282619,EigenLayer,restaking,eigencloud
2024-03-14 00:00:00,12449982561,EigenLayer,restaking,eigencloud
2024-03-15 00:00:00,12184770504,EigenLayer,restaking,eigencloud
2024-03-16 00:00:00,11852891734,EigenLayer,restaking,eigencloud
2024-03-17 00:00:00,11333767770,EigenLayer,restaking,eigencloud
2024-03-18 00:00:00,11858605289,EigenLayer,restaking,eigencloud
2024-03-19 00:00:00,11618119158,EigenLayer,restaking,eigencloud
2024-03-20 00:00:00,10573813603,EigenLayer,restaking,eigencloud
2024-03-21 00:00:00,12124399682,EigenLayer,restaking,eigencloud
2024-03-22 00:00:00,12203343784,EigenLayer,restaking,eigencloud
2024-03-23 00:00:00,11713541442,EigenLayer,restaking,eigencloud
2024-03-24 00:00:00,11841411479,EigenLayer,restaking,eigencloud
2024-03-25 00:00:00,12229395273,EigenLayer,restaking,eigencloud
2024-03-26 00:00:00,12861722731,EigenLayer,restaking,eigencloud
2024-03-27 00:00:00,13169715542,EigenLayer,restaking,eigencloud
2024-03-28 00:00:00,13170787899,EigenLayer,restaking,eigencloud
2024-03-29 00:00:00,13576626904,EigenLayer,restaking,eigencloud
2024-03-30 00:00:00,13526675294,EigenLayer,restaking,eigencloud
2024-03-31 00:00:00,13694514130,EigenLayer,restaking,eigencloud
2024-04-01 00:00:00,14323789428,EigenLayer,restaking,eigencloud
2024-04-02 00:00:00,13904947520,EigenLayer,restaking,eigencloud
2024-04-03 00:00:00,13150639095,EigenLayer,restaking,eigencloud
2024-04-04 00:00:00,13490696214,EigenLayer,restaking,eigencloud
2024-04-05 00:00:00,13653071231,EigenLayer,restaking,eigencloud
2024-04-06 00:00:00,13694093502,EigenLayer,restaking,eigencloud
2024-04-07 00:00:00,13936973728,EigenLayer,restaking,eigencloud
2024-04-08 00:00:00,14501185639,EigenLayer,restaking,eigencloud
2024-04-09 00:00:00,15664038408,EigenLayer,restaking,eigencloud
2024-04-10 00:00:00,15152355508,EigenLayer,restaking,eigencloud
2024-04-11 00:00:00,15484670067,EigenLayer,restaking,eigencloud
2024-04-12 00:00:00,15768631710,EigenLayer,restaking,eigencloud
2024-04-13 00:00:00,14633638328,EigenLayer,restaking,eigencloud
2024-04-14 00:00:00,13628368811,EigenLayer,restaking,eigencloud
2024-04-15 00:00:00,14424033833,EigenLayer,restaking,eigencloud
2024-04-16 00:00:00,14391148690,EigenLayer,restaking,eigencloud
2024-04-17 00:00:00,14561496029,EigenLayer,restaking,eigencloud
2024-04-18 00:00:00,14154990700,EigenLayer,restaking,eigencloud
2024-04-19 00:00:00,14612572264,EigenLayer,restaking,eigencloud
2024-04-20 00:00:00,14610545781,EigenLayer,restaking,eigencloud
2024-04-21 00:00:00,15163106861,EigenLayer,restaking,eigencloud
2024-04-22 00:00:00,15259064749,EigenLayer,restaking,eigencloud
2024-04-23 00:00:00,15131572034,EigenLayer,restaking,eigencloud
2024-04-24 00:00:00,15634746694,EigenLayer,restaking,eigencloud
2024-04-25 00:00:00,15273059042,EigenLayer,restaking,eigencloud
2024-04-26 00:00:00,15388154399,EigenLayer,restaking,eigencloud
2024-04-27 00:00:00,15335975974,EigenLayer,restaking,eigencloud
2024-04-28 00:00:00,16393713064,EigenLayer,restaking,eigencloud
2024-04-29 00:00:00,15766447526,EigenLayer,restaking,eigencloud
2024-04-30 00:00:00,15645612091,EigenLayer,restaking,eigencloud
2024-05-01 00:00:00,14217482059,EigenLayer,restaking,eigencloud
2024-05-02 00:00:00,14716210420,EigenLayer,restaking,eigencloud
2024-05-03 00:00:00,14857379055,EigenLayer,restaking,eigencloud
2024-05-04 00:00:00,15498797235,EigenLayer,restaking,eigencloud
2024-05-05 00:00:00,15534862407,EigenLayer,restaking,eigencloud
2024-05-06 00:00:00,16036239775,EigenLayer,restaking,eigencloud
2024-05-07 00:00:00,15342753247,EigenLayer,restaking,eigencloud
2024-05-08 00:00:00,14927620696,EigenLayer,restaking,eigencloud
2024-05-09 00:00:00,14808081136,EigenLayer,restaking,eigencloud
2024-05-10 00:00:00,15019477247,EigenLayer,restaking,eigencloud
2024-05-11 00:00:00,14484162946,EigenLayer,restaking,eigencloud
2024-05-12 00:00:00,14472848739,EigenLayer,restaking,eigencloud
2024-05-13 00:00:00,14698099879,EigenLayer,restaking,eigencloud
2024-05-14 00:00:00,14475438027,EigenLayer,restaking,eigencloud
2024-05-15 00:00:00,14441973588,EigenLayer,restaking,eigencloud
2024-05-16 00:00:00,14893511278,EigenLayer,restaking,eigencloud
2024-05-17 00:00:00,14919327026,EigenLayer,restaking,eigencloud
2024-05-18 00:00:00,15351936945,EigenLayer,restaking,eigencloud
2024-05-19 00:00:00,15460554351,EigenLayer,restaking,eigencloud
2024-05-20 00:00:00,15341909995,EigenLayer,restaking,eigencloud
2024-05-21 00:00:00,18150538795,EigenLayer,restaking,eigencloud
2024-05-22 00:00:00,18652771409,EigenLayer,restaking,eigencloud
2024-05-23 00:00:00,18797764265,EigenLayer,restaking,eigencloud
2024-05-24 00:00:00,18189404133,EigenLayer,restaking,eigencloud
2024-05-25 00:00:00,18541677780,EigenLayer,restaking,eigencloud
2024-05-26 00:00:00,18797118457,EigenLayer,restaking,eigencloud
2024-05-27 00:00:00,19504665842,EigenLayer,restaking,eigencloud
2024-05-28 00:00:00,19089831880,EigenLayer,restaking,eigencloud
2024-05-29 00:00:00,18811984190,EigenLayer,restaking,eigencloud
2024-05-30 00:00:00,18398646260,EigenLayer,restaking,eigencloud
2024-05-31 00:00:00,18467386420,EigenLayer,restaking,eigencloud
2024-06-01 00:00:00,19145347593,EigenLayer,restaking,eigencloud
2024-06-02 00:00:00,19483089973,EigenLayer,restaking,eigencloud
2024-06-03 00:00:00,19689611411,EigenLayer,restaking,eigencloud
2024-06-04 00:00:00,19548672757,EigenLayer,restaking,eigencloud
2024-06-05 00:00:00,19807177593,EigenLayer,restaking,eigencloud
2024-06-06 00:00:00,20124660673,EigenLayer,restaking,eigencloud
2024-06-07 00:00:00,19983471719,EigenLayer,restaking,eigencloud
2024-06-08 00:00:00,19473359950,EigenLayer,restaking,eigencloud
2024-06-09 00:00:00,19411519579,EigenLayer,restaking,eigencloud
2024-06-10 00:00:00,19412886144,EigenLayer,restaking,eigencloud
2024-06-11 00:00:00,18711814435,EigenLayer,restaking,eigencloud
2024-06-12 00:00:00,18787686417,EigenLayer,restaking,eigencloud
2024-06-13 00:00:00,18565264981,EigenLayer,restaking,eigencloud
2024-06-14 00:00:00,18666089778,EigenLayer,restaking,eigencloud
2024-06-15 00:00:00,18816568033,EigenLayer,restaking,eigencloud
2024-06-16 00:00:00,19191181901,EigenLayer,restaking,eigencloud
2024-06-17 00:00:00,19146332246,EigenLayer,restaking,eigencloud
2024-06-18 00:00:00,18652959760,EigenLayer,restaking,eigencloud
2024-06-19 00:00:00,18895394265,EigenLayer,restaking,eigencloud
2024-06-20 00:00:00,19022765106,EigenLayer,restaking,eigencloud
2024-06-21 00:00:00,18271672861,EigenLayer,restaking,eigencloud
2024-06-22 00:00:00,18302039274,EigenLayer,restaking,eigencloud
2024-06-23 00:00:00,18471142136,EigenLayer,restaking,eigencloud
2024-06-24 00:00:00,17607246129,EigenLayer,restaking,eigencloud
2024-06-25 00:00:00,17774973149,EigenLayer,restaking,eigencloud
2024-06-26 00:00:00,18050540557,EigenLayer,restaking,eigencloud
2024-06-27 00:00:00,17767678885,EigenLayer,restaking,eigencloud
2024-06-28 00:00:00,17744338484,EigenLayer,restaking,eigencloud
2024-06-29 00:00:00,17277838960,EigenLayer,restaking,eigencloud
2024-06-30 00:00:00,17231594979,EigenLayer,restaking,eigencloud
2024-07-01 00:00:00,17717400792,EigenLayer,restaking,eigencloud
2024-07-02 00:00:00,17474300393,EigenLayer,restaking,eigencloud
2024-07-03 00:00:00,17087620297,EigenLayer,restaking,eigencloud
2024-07-04 00:00:00,16184537927,EigenLayer,restaking,eigencloud
2024-07-05 00:00:00,14505805055,EigenLayer,restaking,eigencloud
2024-07-06 00:00:00,15115379303,EigenLayer,restaking,eigencloud
2024-07-07 00:00:00,14315010024,EigenLayer,restaking,eigencloud
2024-07-08 00:00:00,13980778787,EigenLayer,restaking,eigencloud
2024-07-09 00:00:00,14918910876,EigenLayer,restaking,eigencloud
2024-07-10 00:00:00,14998667530,EigenLayer,restaking,eigencloud
2024-07-11 00:00:00,15170103954,EigenLayer,restaking,eigencloud
2024-07-12 00:00:00,15270068121,EigenLayer,restaking,eigencloud
2024-07-13 00:00:00,15270068121,EigenLayer,restaking,eigencloud
2024-07-14 00:00:00,15460252967,EigenLayer,restaking,eigencloud
2024-07-15 00:00:00,16071161864,EigenLayer,restaking,eigencloud
2024-07-16 00:00:00,15739780337,EigenLayer,restaking,eigencloud
2024-07-17 00:00:00,15835636820,EigenLayer,restaking,eigencloud
2024-07-18 00:00:00,15747466385,EigenLayer,restaking,eigencloud
2024-07-19 00:00:00,15529614241,EigenLayer,restaking,eigencloud
2024-07-20 00:00:00,15940441504,EigenLayer,restaking,eigencloud
2024-07-21 00:00:00,16008288113,EigenLayer,restaking,eigencloud
2024-07-22 00:00:00,16012954515,EigenLayer,restaking,eigencloud
2024-07-23 00:00:00,16501087649,EigenLayer,restaking,eigencloud
2024-07-24 00:00:00,16632808763,EigenLayer,restaking,eigencloud
2024-07-25 00:00:00,15262090024,EigenLayer,restaking,eigencloud
2024-07-26 00:00:00,15565977012,EigenLayer,restaking,eigencloud
2024-07-27 00:00:00,15757982928,EigenLayer,restaking,eigencloud
2024-07-28 00:00:00,15642395713,EigenLayer,restaking,eigencloud
2024-07-29 00:00:00,16359081515,EigenLayer,restaking,eigencloud
2024-07-30 00:00:00,16228651207,EigenLayer,restaking,eigencloud
2024-07-31 00:00:00,16157306601,EigenLayer,restaking,eigencloud
2024-08-01 00:00:00,15588307909,EigenLayer,restaking,eigencloud
2024-08-02 00:00:00,15455631877,EigenLayer,restaking,eigencloud
2024-08-03 00:00:00,14692226506,EigenLayer,restaking,eigencloud
2024-08-04 00:00:00,14282009571,EigenLayer,restaking,eigencloud
2024-08-05 00:00:00,11030414678,EigenLayer,restaking,eigencloud
2024-08-06 00:00:00,12176885007,EigenLayer,restaking,eigencloud
2024-08-07 00:00:00,12495605605,EigenLayer,restaking,eigencloud
2024-08-08 00:00:00,12022426222,EigenLayer,restaking,eigencloud
2024-08-09 00:00:00,13025599709,EigenLayer,restaking,eigencloud
2024-08-10 00:00:00,12939208697,EigenLayer,restaking,eigencloud
2024-08-11 00:00:00,12991027587,EigenLayer,restaking,eigencloud
2024-08-12 00:00:00,12492502046,EigenLayer,restaking,eigencloud
2024-08-13 00:00:00,12568914138,EigenLayer,restaking,eigencloud
2024-08-14 00:00:00,13003543115,EigenLayer,restaking,eigencloud
2024-08-15 00:00:00,12468495727,EigenLayer,restaking,eigencloud
2024-08-16 00:00:00,12457720996,EigenLayer,restaking,eigencloud
2024-08-17 00:00:00,12374709596,EigenLayer,restaking,eigencloud
2024-08-18 00:00:00,12419990250,EigenLayer,restaking,eigencloud
2024-08-19 00:00:00,12569195047,EigenLayer,restaking,eigencloud
2024-08-20 00:00:00,12511654897,EigenLayer,restaking,eigencloud
2024-08-21 00:00:00,12226510034,EigenLayer,restaking,eigencloud
2024-08-22 00:00:00,12424910061,EigenLayer,restaking,eigencloud
2024-08-23 00:00:00,12299238015,EigenLayer,restaking,eigencloud
2024-08-24 00:00:00,13018917032,EigenLayer,restaking,eigencloud
2024-08-25 00:00:00,12833236836,EigenLayer,restaking,eigencloud
2024-08-26 00:00:00,12960353568,EigenLayer,restaking,eigencloud
2024-08-27 00:00:00,12581394565,EigenLayer,restaking,eigencloud
2024-08-28 00:00:00,11447360649,EigenLayer,restaking,eigencloud
2024-08-29 00:00:00,11786602640,EigenLayer,restaking,eigencloud
2024-08-30 00:00:00,11863897820,EigenLayer,restaking,eigencloud
2024-08-31 00:00:00,11818936221,EigenLayer,restaking,eigencloud
2024-09-01 00:00:00,11826894184,EigenLayer,restaking,eigencloud
2024-09-02 00:00:00,11449321497,EigenLayer,restaking,eigencloud
2024-09-03 00:00:00,12003490905,EigenLayer,restaking,eigencloud
2024-09-04 00:00:00,11603327397,EigenLayer,restaking,eigencloud
2024-09-05 00:00:00,11615938232,EigenLayer,restaking,eigencloud
2024-09-06 00:00:00,11218789035,EigenLayer,restaking,eigencloud
2024-09-07 00:00:00,10460299770,EigenLayer,restaking,eigencloud
2024-09-08 00:00:00,10685703631,EigenLayer,restaking,eigencloud
2024-09-09 00:00:00,10885488639,EigenLayer,restaking,eigencloud
2024-09-10 00:00:00,11075562048,EigenLayer,restaking,eigencloud
2024-09-11 00:00:00,11154192201,EigenLayer,restaking,eigencloud
2024-09-12 00:00:00,10945406638,EigenLayer,restaking,eigencloud
2024-09-13 00:00:00,10964452751,EigenLayer,restaking,eigencloud
2024-09-14 00:00:00,11466177662,EigenLayer,restaking,eigencloud
2024-09-15 00:00:00,11294581463,EigenLayer,restaking,eigencloud
2024-09-16 00:00:00,11012028627,EigenLayer,restaking,eigencloud
2024-09-17 00:00:00,10702902580,EigenLayer,restaking,eigencloud
2024-09-18 00:00:00,10946522678,EigenLayer,restaking,eigencloud
2024-09-19 00:00:00,10876983191,EigenLayer,restaking,eigencloud
2024-09-20 00:00:00,11419073753,EigenLayer,restaking,eigencloud
2024-09-21 00:00:00,11818722575,EigenLayer,restaking,eigencloud
2024-09-22 00:00:00,11884433042,EigenLayer,restaking,eigencloud
2024-09-23 00:00:00,11818517246,EigenLayer,restaking,eigencloud
2024-09-24 00:00:00,12342403662,EigenLayer,restaking,eigencloud
2024-09-25 00:00:00,12378923674,EigenLayer,restaking,eigencloud
2024-09-26 00:00:00,11944874756,EigenLayer,restaking,eigencloud
2024-09-27 00:00:00,12140869871,EigenLayer,restaking,eigencloud
2024-09-28 00:00:00,12423038733,EigenLayer,restaking,eigencloud
2024-09-29 00:00:00,12229694497,EigenLayer,restaking,eigencloud
2024-09-30 00:00:00,12170132980,EigenLayer,restaking,eigencloud
2024-10-01 00:00:00,11957589120,EigenLayer,restaking,eigencloud
2024-10-02 00:00:00,11244555145,EigenLayer,restaking,eigencloud
2024-10-03 00:00:00,10827801851,EigenLayer,restaking,eigencloud
2024-10-04 00:00:00,10645499887,EigenLayer,restaking,eigencloud
2024-10-05 00:00:00,10873497663,EigenLayer,restaking,eigencloud
2024-10-06 00:00:00,10793960197,EigenLayer,restaking,eigencloud
2024-10-07 00:00:00,10720262313,EigenLayer,restaking,eigencloud
2024-10-08 00:00:00,10832759679,EigenLayer,restaking,eigencloud
2024-10-09 00:00:00,10635160684,EigenLayer,restaking,eigencloud
2024-10-10 00:00:00,10597661798,EigenLayer,restaking,eigencloud
2024-10-11 00:00:00,10473210276,EigenLayer,restaking,eigencloud
2024-10-12 00:00:00,10921789860,EigenLayer,restaking,eigencloud
2024-10-13 00:00:00,11099689650,EigenLayer,restaking,eigencloud
2024-10-14 00:00:00,10919200308,EigenLayer,restaking,eigencloud
2024-10-15 00:00:00,11718879261,EigenLayer,restaking,eigencloud
2024-10-16 00:00:00,11403553195,EigenLayer,restaking,eigencloud
2024-10-17 00:00:00,11151664696,EigenLayer,restaking,eigencloud
2024-10-18 00:00:00,10570684411,EigenLayer,restaking,eigencloud
2024-10-19 00:00:00,10617135734,EigenLayer,restaking,eigencloud
2024-10-20 00:00:00,10648399726,EigenLayer,restaking,eigencloud
2024-10-21 00:00:00,11045144008,EigenLayer,restaking,eigencloud
2024-10-22 00:00:00,10717438193,EigenLayer,restaking,eigencloud
2024-10-23 00:00:00,10981008558,EigenLayer,restaking,eigencloud
2024-10-24 00:00:00,10444884600,EigenLayer,restaking,eigencloud
2024-10-25 00:00:00,10575606908,EigenLayer,restaking,eigencloud
2024-10-26 00:00:00,10361211256,EigenLayer,restaking,eigencloud
2024-10-27 00:00:00,10412824802,EigenLayer,restaking,eigencloud
2024-10-28 00:00:00,10536960049,EigenLayer,restaking,eigencloud
2024-10-29 00:00:00,10813953496,EigenLayer,restaking,eigencloud
2024-10-30 00:00:00,10990751484,EigenLayer,restaking,eigencloud
2024-10-31 00:00:00,11279829476,EigenLayer,restaking,eigencloud
2024-11-01 00:00:00,10645531296,EigenLayer,restaking,eigencloud
2024-11-02 00:00:00,10621610663,EigenLayer,restaking,eigencloud
2024-11-03 00:00:00,10625567087,EigenLayer,restaking,eigencloud
2024-11-04 00:00:00,10515759379,EigenLayer,restaking,eigencloud
2024-11-05 00:00:00,10106716383,EigenLayer,restaking,eigencloud
2024-11-06 00:00:00,10361280225,EigenLayer,restaking,eigencloud
2024-11-07 00:00:00,11547667484,EigenLayer,restaking,eigencloud
2024-11-08 00:00:00,12305693627,EigenLayer,restaking,eigencloud
2024-11-09 00:00:00,12639808685,EigenLayer,restaking,eigencloud
2024-11-10 00:00:00,13230892665,EigenLayer,restaking,eigencloud
2024-11-11 00:00:00,13474739991,EigenLayer,restaking,eigencloud
2024-11-12 00:00:00,14171932573,EigenLayer,restaking,eigencloud
2024-11-13 00:00:00,14403325385,EigenLayer,restaking,eigencloud
2024-11-14 00:00:00,13981885133,EigenLayer,restaking,eigencloud
2024-11-15 00:00:00,13337160916,EigenLayer,restaking,eigencloud
2024-11-16 00:00:00,13246877535,EigenLayer,restaking,eigencloud
2024-11-17 00:00:00,13047310407,EigenLayer,restaking,eigencloud
2024-11-18 00:00:00,13146661374,EigenLayer,restaking,eigencloud
2024-11-19 00:00:00,13700292803,EigenLayer,restaking,eigencloud
2024-11-20 00:00:00,13326801208,EigenLayer,restaking,eigencloud
2024-11-21 00:00:00,13144577454,EigenLayer,restaking,eigencloud
2024-11-22 00:00:00,14400581141,EigenLayer,restaking,eigencloud
2024-11-23 00:00:00,14198423115,EigenLayer,restaking,eigencloud
2024-11-24 00:00:00,14457798868,EigenLayer,restaking,eigencloud
2024-11-25 00:00:00,14207078996,EigenLayer,restaking,eigencloud
2024-11-26 00:00:00,14427032305,EigenLayer,restaking,eigencloud
2024-11-27 00:00:00,14317556140,EigenLayer,restaking,eigencloud
2024-11-28 00:00:00,16429934092,EigenLayer,restaking,eigencloud
2024-11-29 00:00:00,16130548562,EigenLayer,restaking,eigencloud
2024-11-30 00:00:00,16405101415,EigenLayer,restaking,eigencloud
2024-12-01 00:00:00,16905308406,EigenLayer,restaking,eigencloud
2024-12-02 00:00:00,16990686079,EigenLayer,restaking,eigencloud
2024-12-03 00:00:00,16537571738,EigenLayer,restaking,eigencloud
2024-12-04 00:00:00,16766996165,EigenLayer,restaking,eigencloud
2024-12-05 00:00:00,17908810765,EigenLayer,restaking,eigencloud
2024-12-06 00:00:00,17650547765,EigenLayer,restaking,eigencloud
2024-12-07 00:00:00,18703724050,EigenLayer,restaking,eigencloud
2024-12-08 00:00:00,18685008682,EigenLayer,restaking,eigencloud
2024-12-09 00:00:00,18732462409,EigenLayer,restaking,eigencloud
2024-12-10 00:00:00,17060464284,EigenLayer,restaking,eigencloud
2024-12-11 00:00:00,16869480820,EigenLayer,restaking,eigencloud
2024-12-12 00:00:00,17853679203,EigenLayer,restaking,eigencloud
2024-12-13 00:00:00,17878288372,EigenLayer,restaking,eigencloud
2024-12-14 00:00:00,18020653700,EigenLayer,restaking,eigencloud
2024-12-15 00:00:00,17944878315,EigenLayer,restaking,eigencloud
2024-12-16 00:00:00,18409738673,EigenLayer,restaking,eigencloud
2024-12-17 00:00:00,18236646721,EigenLayer,restaking,eigencloud
2024-12-18 00:00:00,17768298067,EigenLayer,restaking,eigencloud
2024-12-19 00:00:00,16778970943,EigenLayer,restaking,eigencloud
2024-12-20 00:00:00,15658759736,EigenLayer,restaking,eigencloud
2024-12-21 00:00:00,15662976917,EigenLayer,restaking,eigencloud
2024-12-22 00:00:00,14893625687,EigenLayer,restaking,eigencloud
2024-12-23 00:00:00,14790935157,EigenLayer,restaking,eigencloud
2024-12-24 00:00:00,15474604847,EigenLayer,restaking,eigencloud
2024-12-25 00:00:00,15722447208,EigenLayer,restaking,eigencloud
2024-12-26 00:00:00,15718225907,EigenLayer,restaking,eigencloud
2024-12-27 00:00:00,14926380970,EigenLayer,restaking,eigencloud
2024-12-28 00:00:00,14926508764,EigenLayer,restaking,eigencloud
2024-12-29 00:00:00,15309293389,EigenLayer,restaking,eigencloud
2024-12-30 00:00:00,15048729112,EigenLayer,restaking,eigencloud
2024-12-31 00:00:00,14911863381,EigenLayer,restaking,eigencloud
2025-01-01 00:00:00,14678800153,EigenLayer,restaking,eigencloud
2025-01-02 00:00:00,14799719512,EigenLayer,restaking,eigencloud
2025-01-03 00:00:00,15122697076,EigenLayer,restaking,eigencloud
2025-01-04 00:00:00,15828312627,EigenLayer,restaking,eigencloud
2025-01-05 00:00:00,16129386312,EigenLayer,restaking,eigencloud
2025-01-06 00:00:00,16043226212,EigenLayer,restaking,eigencloud
2025-01-07 00:00:00,16210856751,EigenLayer,restaking,eigencloud
2025-01-08 00:00:00,14870985320,EigenLayer,restaking,eigencloud
2025-01-09 00:00:00,14490463267,EigenLayer,restaking,eigencloud
2025-01-10 00:00:00,14054932257,EigenLayer,restaking,eigencloud
2025-01-11 00:00:00,14214832409,EigenLayer,restaking,eigencloud
2025-01-12 00:00:00,14406420690,EigenLayer,restaking,eigencloud
2025-01-13 00:00:00,13939432174,EigenLayer,restaking,eigencloud
2025-01-14 00:00:00,13540365126,EigenLayer,restaking,eigencloud
2025-01-15 00:00:00,14148528145,EigenLayer,restaking,eigencloud
2025-01-16 00:00:00,15104900335,EigenLayer,restaking,eigencloud
2025-01-17 00:00:00,14513988424,EigenLayer,restaking,eigencloud
2025-01-18 00:00:00,15214777589,EigenLayer,restaking,eigencloud
2025-01-19 00:00:00,14367018742,EigenLayer,restaking,eigencloud
2025-01-20 00:00:00,14050527035,EigenLayer,restaking,eigencloud
2025-01-21 00:00:00,14334833075,EigenLayer,restaking,eigencloud
2025-01-22 00:00:00,14506598804,EigenLayer,restaking,eigencloud
2025-01-23 00:00:00,14301584696,EigenLayer,restaking,eigencloud
2025-01-24 00:00:00,14701522579,EigenLayer,restaking,eigencloud
2025-01-25 00:00:00,14460427641,EigenLayer,restaking,eigencloud
2025-01-26 00:00:00,14646490970,EigenLayer,restaking,eigencloud
2025-01-27 00:00:00,14213517070,EigenLayer,restaking,eigencloud
2025-01-28 00:00:00,13651454075,EigenLayer,restaking,eigencloud
2025-01-29 00:00:00,13160409966,EigenLayer,restaking,eigencloud
2025-01-30 00:00:00,13488068172,EigenLayer,restaking,eigencloud
2025-01-31 00:00:00,14009881509,EigenLayer,restaking,eigencloud
2025-02-01 00:00:00,14297112159,EigenLayer,restaking,eigencloud
2025-02-02 00:00:00,13652347402,EigenLayer,restaking,eigencloud
2025-02-03 00:00:00,12228731724,EigenLayer,restaking,eigencloud
2025-02-04 00:00:00,12477927861,EigenLayer,restaking,eigencloud
2025-02-05 00:00:00,11975844856,EigenLayer,restaking,eigencloud
2025-02-06 00:00:00,12178096831,EigenLayer,restaking,eigencloud
2025-02-07 00:00:00,11811546094,EigenLayer,restaking,eigencloud
2025-02-08 00:00:00,11618142524,EigenLayer,restaking,eigencloud
2025-02-09 00:00:00,11603255967,EigenLayer,restaking,eigencloud
2025-02-10 00:00:00,11697876447,EigenLayer,restaking,eigencloud
2025-02-11 00:00:00,11802277481,EigenLayer,restaking,eigencloud
2025-02-12 00:00:00,11691205754,EigenLayer,restaking,eigencloud
2025-02-13 00:00:00,12276041315,EigenLayer,restaking,eigencloud
2025-02-14 00:00:00,12021289993,EigenLayer,restaking,eigencloud
2025-02-15 00:00:00,12051093006,EigenLayer,restaking,eigencloud
2025-02-16 00:00:00,11953033036,EigenLayer,restaking,eigencloud
2025-02-17 00:00:00,11813720752,EigenLayer,restaking,eigencloud
2025-02-18 00:00:00,12121741809,EigenLayer,restaking,eigencloud
2025-02-19 00:00:00,11827936850,EigenLayer,restaking,eigencloud
2025-02-20 00:00:00,12044967767,EigenLayer,restaking,eigencloud
2025-02-21 00:00:00,12168768339,EigenLayer,restaking,eigencloud
2025-02-22 00:00:00,11700966012,EigenLayer,restaking,eigencloud
2025-02-23 00:00:00,12212871206,EigenLayer,restaking,eigencloud
2025-02-24 00:00:00,12388278283,EigenLayer,restaking,eigencloud
2025-02-25 00:00:00,11100684241,EigenLayer,restaking,eigencloud
2025-02-26 00:00:00,10901013557,EigenLayer,restaking,eigencloud
2025-02-27 00:00:00,10259456127,EigenLayer,restaking,eigencloud
2025-02-28 00:00:00,10131030971,EigenLayer,restaking,eigencloud
2025-03-01 00:00:00,9876521240,EigenLayer,restaking,eigencloud
2025-03-02 00:00:00,9798025311,EigenLayer,restaking,eigencloud
2025-03-03 00:00:00,11126761268,EigenLayer,restaking,eigencloud
2025-03-04 00:00:00,9547257849,EigenLayer,restaking,eigencloud
2025-03-05 00:00:00,9527285887,EigenLayer,restaking,eigencloud
2025-03-06 00:00:00,9826672753,EigenLayer,restaking,eigencloud
2025-03-07 00:00:00,9437231924,EigenLayer,restaking,eigencloud
2025-03-08 00:00:00,9411452720,EigenLayer,restaking,eigencloud
2025-03-09 00:00:00,9687686075,EigenLayer,restaking,eigencloud
2025-03-10 00:00:00,8808203365,EigenLayer,restaking,eigencloud
2025-03-11 00:00:00,8272905864,EigenLayer,restaking,eigencloud
2025-03-12 00:00:00,8490995387,EigenLayer,restaking,eigencloud
2025-03-13 00:00:00,8422325605,EigenLayer,restaking,eigencloud
2025-03-14 00:00:00,8197241865,EigenLayer,restaking,eigencloud
2025-03-15 00:00:00,8423772054,EigenLayer,restaking,eigencloud
2025-03-16 00:00:00,8529172829,EigenLayer,restaking,eigencloud
2025-03-17 00:00:00,8295699116,EigenLayer,restaking,eigencloud
2025-03-18 00:00:00,8468384213,EigenLayer,restaking,eigencloud
2025-03-19 00:00:00,8536508614,EigenLayer,restaking,eigencloud
2025-03-20 00:00:00,9059822912,EigenLayer,restaking,eigencloud
2025-03-21 00:00:00,8698574828,EigenLayer,restaking,eigencloud
2025-03-22 00:00:00,8729804752,EigenLayer,restaking,eigencloud
2025-03-23 00:00:00,8783692516,EigenLayer,restaking,eigencloud
2025-03-24 00:00:00,8885076925,EigenLayer,restaking,eigencloud
2025-03-25 00:00:00,9264725240,EigenLayer,restaking,eigencloud
2025-03-26 00:00:00,9255932911,EigenLayer,restaking,eigencloud
2025-03-27 00:00:00,9076069820,EigenLayer,restaking,eigencloud
2025-03-28 00:00:00,9077941230,EigenLayer,restaking,eigencloud
2025-03-29 00:00:00,8731843741,EigenLayer,restaking,eigencloud
2025-03-30 00:00:00,8404354401,EigenLayer,restaking,eigencloud
2025-03-31 00:00:00,8359057729,EigenLayer,restaking,eigencloud
2025-04-01 00:00:00,8480900251,EigenLayer,restaking,eigencloud
2025-04-02 00:00:00,8852651791,EigenLayer,restaking,eigencloud
2025-04-03 00:00:00,8290319103,EigenLayer,restaking,eigencloud
2025-04-04 00:00:00,8369696286,EigenLayer,restaking,eigencloud
2025-04-05 00:00:00,8389355771,EigenLayer,restaking,eigencloud
2025-04-06 00:00:00,8398511974,EigenLayer,restaking,eigencloud
2025-04-07 00:00:00,7310036584,EigenLayer,restaking,eigencloud
2025-04-08 00:00:00,7254488756,EigenLayer,restaking,eigencloud
2025-04-09 00:00:00,6860713355,EigenLayer,restaking,eigencloud
2025-04-10 00:00:00,7719907332,EigenLayer,restaking,eigencloud
2025-04-11 00:00:00,7098940867,EigenLayer,restaking,eigencloud
2025-04-12 00:00:00,7251637967,EigenLayer,restaking,eigencloud
2025-04-13 00:00:00,7581780339,EigenLayer,restaking,eigencloud
2025-04-14 00:00:00,7438790133,EigenLayer,restaking,eigencloud
2025-04-15 00:00:00,7292733847,EigenLayer,restaking,eigencloud
2025-04-16 00:00:00,7158140285,EigenLayer,restaking,eigencloud
2025-04-17 00:00:00,7072442622,EigenLayer,restaking,eigencloud
2025-04-18 00:00:00,7056051701,EigenLayer,restaking,eigencloud
2025-04-19 00:00:00,6986975899,EigenLayer,restaking,eigencloud
2025-04-20 00:00:00,7141093733,EigenLayer,restaking,eigencloud
2025-04-21 00:00:00,6933878031,EigenLayer,restaking,eigencloud
2025-04-22 00:00:00,6943291318,EigenLayer,restaking,eigencloud
2025-04-23 00:00:00,7663524997,EigenLayer,restaking,eigencloud
2025-04-24 00:00:00,7840504838,EigenLayer,restaking,eigencloud
2025-04-25 00:00:00,7716405726,EigenLayer,restaking,eigencloud
2025-04-26 00:00:00,7813757564,EigenLayer,restaking,eigencloud
2025-04-27 00:00:00,7981320955,EigenLayer,restaking,eigencloud
2025-04-28 00:00:00,7866270706,EigenLayer,restaking,eigencloud
2025-04-29 00:00:00,7874709367,EigenLayer,restaking,eigencloud
2025-04-30 00:00:00,7841297244,EigenLayer,restaking,eigencloud
2025-05-01 00:00:00,7823407672,EigenLayer,restaking,eigencloud
2025-05-02 00:00:00,8039235157,EigenLayer,restaking,eigencloud
2025-05-03 00:00:00,8032402024,EigenLayer,restaking,eigencloud
2025-05-04 00:00:00,8001508216,EigenLayer,restaking,eigencloud
2025-05-05 00:00:00,7914654532,EigenLayer,restaking,eigencloud
2025-05-06 00:00:00,7928260665,EigenLayer,restaking,eigencloud
2025-05-07 00:00:00,7899818038,EigenLayer,restaking,eigencloud
2025-05-08 00:00:00,7877825582,EigenLayer,restaking,eigencloud
2025-05-09 00:00:00,9526916547,EigenLayer,restaking,eigencloud
2025-05-10 00:00:00,10103520329,EigenLayer,restaking,eigencloud
2025-05-11 00:00:00,11071205582,EigenLayer,restaking,eigencloud
2025-05-12 00:00:00,10788322428,EigenLayer,restaking,eigencloud
2025-05-13 00:00:00,10613829335,EigenLayer,restaking,eigencloud
2025-05-14 00:00:00,11543805185,EigenLayer,restaking,eigencloud
2025-05-15 00:00:00,11175486339,EigenLayer,restaking,eigencloud
2025-05-16 00:00:00,10746939120,EigenLayer,restaking,eigencloud
2025-05-17 00:00:00,10621325398,EigenLayer,restaking,eigencloud
2025-05-18 00:00:00,10471272567,EigenLayer,restaking,eigencloud
2025-05-19 00:00:00,10436545177,EigenLayer,restaking,eigencloud
2025-05-20 00:00:00,10778586809,EigenLayer,restaking,eigencloud
2025-05-21 00:00:00,10745923737,EigenLayer,restaking,eigencloud
2025-05-22 00:00:00,11018710675,EigenLayer,restaking,eigencloud
2025-05-23 00:00:00,11615634365,EigenLayer,restaking,eigencloud
2025-05-24 00:00:00,10979098390,EigenLayer,restaking,eigencloud
2025-05-25 00:00:00,11042252605,EigenLayer,restaking,eigencloud
2025-05-26 00:00:00,11185825824,EigenLayer,restaking,eigencloud
2025-05-27 00:00:00,11271797232,EigenLayer,restaking,eigencloud
2025-05-28 00:00:00,11676492956,EigenLayer,restaking,eigencloud
2025-05-29 00:00:00,11936832267,EigenLayer,restaking,eigencloud
2025-05-30 00:00:00,11152680707,EigenLayer,restaking,eigencloud
2025-05-31 00:00:00,10767812057,EigenLayer,restaking,eigencloud
2025-06-01 00:00:00,10761493731,EigenLayer,restaking,eigencloud
2025-06-02 00:00:00,10924485470,EigenLayer,restaking,eigencloud
2025-06-03 00:00:00,11310041437,EigenLayer,restaking,eigencloud
2025-06-04 00:00:00,11165955931,EigenLayer,restaking,eigencloud
2025-06-05 00:00:00,11307133321,EigenLayer,restaking,eigencloud
2025-06-06 00:00:00,10504663322,EigenLayer,restaking,eigencloud
2025-06-07 00:00:00,10846631126,EigenLayer,restaking,eigencloud
2025-06-08 00:00:00,11071919526,EigenLayer,restaking,eigencloud
2025-06-09 00:00:00,11088081904,EigenLayer,restaking,eigencloud
2025-06-10 00:00:00,12026876183,EigenLayer,restaking,eigencloud
2025-06-11 00:00:00,12495824413,EigenLayer,restaking,eigencloud
2025-06-12 00:00:00,12295606185,EigenLayer,restaking,eigencloud
2025-06-13 00:00:00,11240944876,EigenLayer,restaking,eigencloud
2025-06-14 00:00:00,11508030291,EigenLayer,restaking,eigencloud
2025-06-15 00:00:00,11297487063,EigenLayer,restaking,eigencloud
2025-06-16 00:00:00,11378177985,EigenLayer,restaking,eigencloud
2025-06-17 00:00:00,11555005820,EigenLayer,restaking,eigencloud
2025-06-18 00:00:00,11389678891,EigenLayer,restaking,eigencloud
2025-06-19 00:00:00,11466090955,EigenLayer,restaking,eigencloud
2025-06-20 00:00:00,11516361239,EigenLayer,restaking,eigencloud
2025-06-21 00:00:00,10941990542,EigenLayer,restaking,eigencloud
2025-06-22 00:00:00,10247407586,EigenLayer,restaking,eigencloud
2025-06-23 00:00:00,10169117150,EigenLayer,restaking,eigencloud
2025-06-24 00:00:00,11004681573,EigenLayer,restaking,eigencloud
2025-06-25 00:00:00,11204964038,EigenLayer,restaking,eigencloud
2025-06-26 00:00:00,11046799397,EigenLayer,restaking,eigencloud
2025-06-27 00:00:00,11043957429,EigenLayer,restaking,eigencloud
2025-06-28 00:00:00,11068107663,EigenLayer,restaking,eigencloud
2025-06-29 00:00:00,11390677763,EigenLayer,restaking,eigencloud
2025-06-30 00:00:00,11656154232,EigenLayer,restaking,eigencloud
2025-07-01 00:00:00,11635582803,EigenLayer,restaking,eigencloud
2025-07-02 00:00:00,11262720790,EigenLayer,restaking,eigencloud
2025-07-03 00:00:00,12019846304,EigenLayer,restaking,eigencloud
2025-07-04 00:00:00,12087200116,EigenLayer,restaking,eigencloud
2025-07-05 00:00:00,11683423563,EigenLayer,restaking,eigencloud
2025-07-06 00:00:00,11776971089,EigenLayer,restaking,eigencloud
2025-07-07 00:00:00,11997600242,EigenLayer,restaking,eigencloud
2025-07-08 00:00:00,11931003535,EigenLayer,restaking,eigencloud
2025-07-09 00:00:00,12249235236,EigenLayer,restaking,eigencloud
2025-07-10 00:00:00,12979416617,EigenLayer,restaking,eigencloud
2025-07-11 00:00:00,13880753373,EigenLayer,restaking,eigencloud
2025-07-12 00:00:00,13946019046,EigenLayer,restaking,eigencloud
2025-07-13 00:00:00,13980946212,EigenLayer,restaking,eigencloud
2025-07-14 00:00:00,14052189623,EigenLayer,restaking,eigencloud
2025-07-15 00:00:00,14281552286,EigenLayer,restaking,eigencloud
2025-07-16 00:00:00,14823043771,EigenLayer,restaking,eigencloud
2025-07-17 00:00:00,15966390893,EigenLayer,restaking,eigencloud
2025-07-18 00:00:00,16423107464,EigenLayer,restaking,eigencloud
2025-07-19 00:00:00,16790881515,EigenLayer,restaking,eigencloud
2025-07-20 00:00:00,16963289399,EigenLayer,restaking,eigencloud
2025-07-21 00:00:00,17692493141,EigenLayer,restaking,eigencloud
2025-07-22 00:00:00,18419265217,EigenLayer,restaking,eigencloud
2025-07-23 00:00:00,18308215648,EigenLayer,restaking,eigencloud
2025-07-24 00:00:00,17755034917,EigenLayer,restaking,eigencloud
2025-07-25 00:00:00,18024697149,EigenLayer,restaking,eigencloud
2025-07-26 00:00:00,18237111224,EigenLayer,restaking,eigencloud
2025-07-27 00:00:00,18357284726,EigenLayer,restaking,eigencloud
2025-07-28 00:00:00,19028347028,EigenLayer,restaking,eigencloud
2025-07-29 00:00:00,18630094652,EigenLayer,restaking,eigencloud
2025-07-30 00:00:00,18472452514,EigenLayer,restaking,eigencloud
2025-07-31 00:00:00,18555608698,EigenLayer,restaking,eigencloud
2025-08-01 00:00:00,17762246615,EigenLayer,restaking,eigencloud
2025-08-02 00:00:00,16659406114,EigenLayer,restaking,eigencloud
2025-08-03 00:00:00,16066388334,EigenLayer,restaking,eigencloud
2025-08-04 00:00:00,16668462204,EigenLayer,restaking,eigencloud
2025-08-05 00:00:00,17433201639,EigenLayer,restaking,eigencloud
2025-08-06 00:00:00,17065693942,EigenLayer,restaking,eigencloud
2025-08-07 00:00:00,17483526442,EigenLayer,restaking,eigencloud
2025-08-08 00:00:00,18570540739,EigenLayer,restaking,eigencloud
2025-08-09 00:00:00,19049802389,EigenLayer,restaking,eigencloud
2025-08-10 00:00:00,20364333073,EigenLayer,restaking,eigencloud
2025-08-11 00:00:00,19678903994,EigenLayer,restaking,eigencloud
2025-08-12 00:00:00,19690005536,EigenLayer,restaking,eigencloud
2025-08-13 00:00:00,21464312193,EigenLayer,restaking,eigencloud
2025-08-14 00:00:00,22063114042,EigenLayer,restaking,eigencloud
2025-08-15 00:00:00,21169027014,EigenLayer,restaking,eigencloud
2025-08-16 00:00:00,20698509614,EigenLayer,restaking,eigencloud
2025-08-17 00:00:00,20472184951,EigenLayer,restaking,eigencloud
2025-08-18 00:00:00,20426262856,EigenLayer,restaking,eigencloud
2025-08-19 00:00:00,19903651010,EigenLayer,restaking,eigencloud
2025-08-20 00:00:00,18739933110,EigenLayer,restaking,eigencloud
2025-08-21 00:00:00,19680577936,EigenLayer,restaking,eigencloud
2025-08-22 00:00:00,19748358281,EigenLayer,restaking,eigencloud
2025-08-23 00:00:00,21885396098,EigenLayer,restaking,eigencloud
2025-08-24 00:00:00,21799222956,EigenLayer,restaking,eigencloud
2025-08-25 00:00:00,21318791792,EigenLayer,restaking,eigencloud
2025-08-26 00:00:00,19887473992,EigenLayer,restaking,eigencloud
2025-08-27 00:00:00,20885185900,EigenLayer,restaking,eigencloud
2025-08-28 00:00:00,20423178987,EigenLayer,restaking,eigencloud
2025-08-29 00:00:00,20433357279,EigenLayer,restaking,eigencloud
2025-08-30 00:00:00,19453257096,EigenLayer,restaking,eigencloud
2025-08-31 00:00:00,19343095080,EigenLayer,restaking,eigencloud
2025-09-01 00:00:00,19437303548,EigenLayer,restaking,eigencloud
2025-09-02 00:00:00,18925966639,EigenLayer,restaking,eigencloud
2025-09-03 00:00:00,18896768742,EigenLayer,restaking,eigencloud
2025-09-04 00:00:00,19480244364,EigenLayer,restaking,eigencloud
2025-09-05 00:00:00,18908635158,EigenLayer,restaking,eigencloud
2025-09-06 00:00:00,18886173242,EigenLayer,restaking,eigencloud
2025-09-07 00:00:00,18810935146,EigenLayer,restaking,eigencloud
2025-09-08 00:00:00,18874316988,EigenLayer,restaking,eigencloud
2025-09-09 00:00:00,18808179173,EigenLayer,restaking,eigencloud
2025-09-10 00:00:00,18801065405,EigenLayer,restaking,eigencloud
2025-09-11 00:00:00,18811989903,EigenLayer,restaking,eigencloud
2025-09-12 00:00:00,19237105463,EigenLayer,restaking,eigencloud
2025-09-13 00:00:00,20220497696,EigenLayer,restaking,eigencloud
2025-09-14 00:00:00,19781389438,EigenLayer,restaking,eigencloud
2025-09-15 00:00:00,19495555692,EigenLayer,restaking,eigencloud
2025-09-16 00:00:00,19297857371,EigenLayer,restaking,eigencloud
2025-09-17 00:00:00,19181684814,EigenLayer,restaking,eigencloud
2025-09-18 00:00:00,19674722643,EigenLayer,restaking,eigencloud
2025-09-19 00:00:00,19599596935,EigenLayer,restaking,eigencloud
2025-09-20 00:00:00,19060880543,EigenLayer,restaking,eigencloud
2025-09-21 00:00:00,19051859871,EigenLayer,restaking,eigencloud
2025-09-22 00:00:00,18943106362,EigenLayer,restaking,eigencloud
2025-09-23 00:00:00,17830669883,EigenLayer,restaking,eigencloud
2025-09-24 00:00:00,17690120269,EigenLayer,restaking,eigencloud
2025-09-25 00:00:00,17487419484,EigenLayer,restaking,eigencloud
2025-09-26 00:00:00,16299361394,EigenLayer,restaking,eigencloud
2025-09-27 00:00:00,16896179543,EigenLayer,restaking,eigencloud
2025-09-28 00:00:00,16847151936,EigenLayer,restaking,eigencloud
2025-09-29 00:00:00,17334792337,EigenLayer,restaking,eigencloud
2025-09-30 00:00:00,17647976919,EigenLayer,restaking,eigencloud
2025-10-01 00:00:00,17353716945,EigenLayer,restaking,eigencloud
2025-10-02 00:00:00,18223714916,EigenLayer,restaking,eigencloud
2025-10-03 00:00:00,18830174870,EigenLayer,restaking,eigencloud
2025-10-04 00:00:00,19001720764,EigenLayer,restaking,eigencloud
2025-10-05 00:00:00,18856925548,EigenLayer,restaking,eigencloud
2025-10-06 00:00:00,18924965318,EigenLayer,restaking,eigencloud
2025-10-07 00:00:00,19679189223,EigenLayer,restaking,eigencloud
2025-10-08 00:00:00,18716732707,EigenLayer,restaking,eigencloud
2025-10-09 00:00:00,19089047534,EigenLayer,restaking,eigencloud
2025-10-10 00:00:00,18471736706,EigenLayer,restaking,eigencloud
2025-10-11 00:00:00,16378026018,EigenLayer,restaking,eigencloud
2025-10-12 00:00:00,15765874163,EigenLayer,restaking,eigencloud
2025-10-13 00:00:00,17597821387,EigenLayer,restaking,eigencloud
2025-10-14 00:00:00,17937039717,EigenLayer,restaking,eigencloud
2025-10-15 00:00:00,17327047602,EigenLayer,restaking,eigencloud
2025-10-16 00:00:00,16814011762,EigenLayer,restaking,eigencloud
2025-10-17 00:00:00,16570393770,EigenLayer,restaking,eigencloud
2025-10-18 00:00:00,16256914026,EigenLayer,restaking,eigencloud
2025-10-19 00:00:00,16470202360,EigenLayer,restaking,eigencloud
2025-10-20 00:00:00,16803177567,EigenLayer,restaking,eigencloud
2025-10-21 00:00:00,16756742466,EigenLayer,restaking,eigencloud
2025-10-22 00:00:00,16339227160,EigenLayer,restaking,eigencloud
2025-10-23 00:00:00,16054859459,EigenLayer,restaking,eigencloud
2025-10-24 00:00:00,16162107617,EigenLayer,restaking,eigencloud
2025-10-25 00:00:00,16504627239,EigenLayer,restaking,eigencloud
2025-10-26 00:00:00,16597638144,EigenLayer,restaking,eigencloud
2025-10-27 00:00:00,17490459213,EigenLayer,restaking,eigencloud
2025-10-28 00:00:00,17243381039,EigenLayer,restaking,eigencloud
2025-10-29 00:00:00,16702369850,EigenLayer,restaking,eigencloud
2025-10-30 00:00:00,16388587493,EigenLayer,restaking,eigencloud
2025-10-31 00:00:00,15969368454,EigenLayer,restaking,eigencloud
2025-11-01 00:00:00,16086074756,EigenLayer,restaking,eigencloud
2025-11-02 00:00:00,16181075445,EigenLayer,restaking,eigencloud
2025-11-03 00:00:00,16135162338,EigenLayer,restaking,eigencloud
2025-11-04 00:00:00,15043587029,EigenLayer,restaking,eigencloud
2025-11-05 00:00:00,13738477250,EigenLayer,restaking,eigencloud
2025-11-06 00:00:00,14241458049,EigenLayer,restaking,eigencloud
2025-11-07 00:00:00,13854663086,EigenLayer,restaking,eigencloud
2025-11-08 00:00:00,14263225916,EigenLayer,restaking,eigencloud
2025-11-09 00:00:00,14164692276,EigenLayer,restaking,eigencloud
2025-11-10 00:00:00,15082288886,EigenLayer,restaking,eigencloud
2025-11-11 00:00:00,14810835777,EigenLayer,restaking,eigencloud
2025-11-12 00:00:00,14147973670,EigenLayer,restaking,eigencloud
2025-11-13 00:00:00,14135547797,EigenLayer,restaking,eigencloud
2025-11-14 00:00:00,13221410287,EigenLayer,restaking,eigencloud
2025-11-15 00:00:00,12996856071,EigenLayer,restaking,eigencloud
2025-11-16 00:00:00,13079391317,EigenLayer,restaking,eigencloud
2025-11-17 00:00:00,12838245274,EigenLayer,restaking,eigencloud
2025-11-18 00:00:00,12439808920,EigenLayer,restaking,eigencloud
2025-11-19 00:00:00,12934681745,EigenLayer,restaking,eigencloud
2025-11-20 00:00:00,12644645574,EigenLayer,restaking,eigencloud
2025-11-21 00:00:00,11820595970,EigenLayer,restaking,eigencloud
2025-11-22 00:00:00,11379693313,EigenLayer,restaking,eigencloud
2025-11-23 00:00:00,11402996125,EigenLayer,restaking,eigencloud
2025-11-24 00:00:00,11494224036,EigenLayer,restaking,eigencloud
2025-11-25 00:00:00,12051641574,EigenLayer,restaking,eigencloud
2025-11-26 00:00:00,12116609322,EigenLayer,restaking,eigencloud
2025-11-27 00:00:00,12357892792,EigenLayer,restaking,eigencloud
2025-11-28 00:00:00,12337460573,EigenLayer,restaking,eigencloud
2025-11-29 00:00:00,12381375192,EigenLayer,restaking,eigencloud
2025-11-30 00:00:00,12192995471,EigenLayer,restaking,eigencloud
2025-12-01 00:00:00,12181672093,EigenLayer,restaking,eigencloud
2025-12-02 00:00:00,11352989461,EigenLayer,restaking,eigencloud
2025-12-03 00:00:00,12180158366,EigenLayer,restaking,eigencloud
2025-12-04 00:00:00,13082318592,EigenLayer,restaking,eigencloud
2025-12-05 00:00:00,12760300280,EigenLayer,restaking,eigencloud
2025-12-06 00:00:00,12193231829,EigenLayer,restaking,eigencloud
2025-12-07 00:00:00,12162517191,EigenLayer,restaking,eigencloud
2025-12-08 00:00:00,12227332795,EigenLayer,restaking,eigencloud
2025-12-09 00:00:00,12494852706,EigenLayer,restaking,eigencloud
2025-12-10 00:00:00,13209739964,EigenLayer,restaking,eigencloud
2025-12-11 00:00:00,13257841341,EigenLayer,restaking,eigencloud
2025-12-12 00:00:00,12891357901,EigenLayer,restaking,eigencloud
2025-12-13 00:00:00,13029337783,EigenLayer,restaking,eigencloud
2025-12-14 00:00:00,13141749013,EigenLayer,restaking,eigencloud
2025-12-15 00:00:00,12950412178,EigenLayer,restaking,eigencloud
2025-12-16 00:00:00,12388184715,EigenLayer,restaking,eigencloud
2025-12-17 00:00:00,12451625862,EigenLayer,restaking,eigencloud
2025-12-18 00:00:00,11918429575,EigenLayer,restaking,eigencloud
2025-12-19 00:00:00,11909636183,EigenLayer,restaking,eigencloud
2025-12-20 00:00:00,12522164554,EigenLayer,restaking,eigencloud
2025-12-21 00:00:00,12506039026,EigenLayer,restaking,eigencloud
2025-12-22 00:00:00,12739443530,EigenLayer,restaking,eigencloud
2025-12-23 00:00:00,12636697842,EigenLayer,restaking,eigencloud
2025-12-24 00:00:00,12229376292,EigenLayer,restaking,eigencloud
2025-12-25 00:00:00,12174154236,EigenLayer,restaking,eigencloud
2025-12-26 00:00:00,12070547594,EigenLayer,restaking,eigencloud
2025-12-27 00:00:00,12104152622,EigenLayer,restaking,eigencloud
2025-12-28 00:00:00,12189294751,EigenLayer,restaking,eigencloud
2025-12-29 00:00:00,12292246092,EigenLayer,restaking,eigencloud
2025-12-30 00:00:00,12344657067,EigenLayer,restaking,eigencloud
2025-12-31 00:00:00,12552326401,EigenLayer,restaking,eigencloud
2026-01-01 00:00:00,12595886788,EigenLayer,restaking,eigencloud
2026-01-02 00:00:00,12807101802,EigenLayer,restaking,eigencloud
2026-01-03 00:00:00,13354857422,EigenLayer,restaking,eigencloud
2026-01-04 00:00:00,13524195626,EigenLayer,restaking,eigencloud
2026-01-05 00:00:00,13617720643,EigenLayer,restaking,eigencloud
2026-01-06 00:00:00,14130083470,EigenLayer,restaking,eigencloud
2026-01-07 00:00:00,14501557859,EigenLayer,restaking,eigencloud
2026-01-08 00:00:00,13918055973,EigenLayer,restaking,eigencloud
2026-01-09 00:00:00,13694131676,EigenLayer,restaking,eigencloud
2026-01-10 00:00:00,13284413603,EigenLayer,restaking,eigencloud
2026-01-11 00:00:00,13304592278,EigenLayer,restaking,eigencloud
2026-01-12 00:00:00,13455052763,EigenLayer,restaking,eigencloud
2026-01-13 00:00:00,13309370989,EigenLayer,restaking,eigencloud
2026-01-14 00:00:00,14308995904,EigenLayer,restaking,eigencloud
2026-01-15 00:00:00,14372354998,EigenLayer,restaking,eigencloud
2026-01-16 00:00:00,14311122987,EigenLayer,restaking,eigencloud
2026-01-17 00:00:00,14217590941,EigenLayer,restaking,eigencloud
2026-01-18 00:00:00,14247957354,EigenLayer,restaking,eigencloud
2026-01-19 00:00:00,13917176585,EigenLayer,restaking,eigencloud
2026-01-20 00:00:00,13701477193,EigenLayer,restaking,eigencloud
2026-01-21 00:00:00,12801670707,EigenLayer,restaking,eigencloud
2026-01-22 00:00:00,13189902968,EigenLayer,restaking,eigencloud
2026-01-23 00:00:00,13173864973,EigenLayer,restaking,eigencloud
2026-01-24 00:00:00,13185844808,EigenLayer,restaking,eigencloud
2026-01-25 00:00:00,13185119511,EigenLayer,restaking,eigencloud
2026-01-26 00:00:00,12513680153,EigenLayer,restaking,eigencloud
2026-01-27 00:00:00,13036162649,EigenLayer,restaking,eigencloud
2026-01-28 00:00:00,13625034108,EigenLayer,restaking,eigencloud
2026-01-29 00:00:00,13608455778,EigenLayer,restaking,eigencloud
2026-01-30 00:00:00,12777102198,EigenLayer,restaking,eigencloud
2026-01-31 00:00:00,12248452706,EigenLayer,restaking,eigencloud
2026-02-01 00:00:00,11213825762,EigenLayer,restaking,eigencloud
2026-02-02 00:00:00,10485113851,EigenLayer,restaking,eigencloud
2026-02-03 00:00:00,10620062528,EigenLayer,restaking,eigencloud
2026-02-04 00:00:00,10173899700,EigenLayer,restaking,eigencloud
2026-02-05 00:00:00,9811925250,EigenLayer,restaking,eigencloud
2026-02-06 00:00:00,8139067170,EigenLayer,restaking,eigencloud
2026-02-07 00:00:00,9400051259,EigenLayer,restaking,eigencloud
2026-02-08 00:00:00,9607023799,EigenLayer,restaking,eigencloud
2026-02-09 00:00:00,9663212291,EigenLayer,restaking,eigencloud
2026-02-10 00:00:00,9852732138,EigenLayer,restaking,eigencloud
2026-02-11 00:00:00,9539641347,EigenLayer,restaking,eigencloud
2026-02-12 00:00:00,9207027722,EigenLayer,restaking,eigencloud
2026-02-13 00:00:00,9195998679,EigenLayer,restaking,eigencloud
2026-02-14 00:00:00,9664471286,EigenLayer,restaking,eigencloud
2026-02-15 00:00:00,9806670506,EigenLayer,restaking,eigencloud
2026-02-16 00:00:00,9299250859,EigenLayer,restaking,eigencloud
2026-02-17 00:00:00,9419411153,EigenLayer,restaking,eigencloud
2026-02-18 00:00:00,9403492157,EigenLayer,restaking,eigencloud
2026-02-19 00:00:00,9204063814,EigenLayer,restaking,eigencloud
2026-02-20 00:00:00,9231630603,EigenLayer,restaking,eigencloud
2026-02-21 00:00:00,9312406895,EigenLayer,restaking,eigencloud
2026-02-22 00:00:00,9209792948,EigenLayer,restaking,eigencloud
2026-02-23 00:00:00,9156637517,EigenLayer,restaking,eigencloud
2026-02-24 00:00:00,8495652561,EigenLayer,restaking,eigencloud
2026-02-25 00:00:00,8422615276,EigenLayer,restaking,eigencloud
2026-02-26 00:00:00,9346890504,EigenLayer,restaking,eigencloud
2026-02-27 00:00:00,9221452710,EigenLayer,restaking,eigencloud
2026-02-28 00:00:00,8770070046,EigenLayer,restaking,eigencloud
2026-03-01 00:00:00,8906354223,EigenLayer,restaking,eigencloud
2026-03-02 00:00:00,8675467068,EigenLayer,restaking,eigencloud
2026-03-03 00:00:00,9119738245,EigenLayer,restaking,eigencloud
2026-03-04 00:00:00,8919939636,EigenLayer,restaking,eigencloud
2026-03-05 00:00:00,9651525922,EigenLayer,restaking,eigencloud
2026-03-06 00:00:00,9367560291,EigenLayer,restaking,eigencloud
2026-03-07 00:00:00,8801353033,EigenLayer,restaking,eigencloud
2026-03-08 00:00:00,8891176452,EigenLayer,restaking,eigencloud
2026-03-09 00:00:00,8652001063,EigenLayer,restaking,eigencloud
2026-03-10 00:00:00,8887682888,EigenLayer,restaking,eigencloud
2026-03-11 00:00:00,8678883783,EigenLayer,restaking,eigencloud
2026-03-12 00:00:00,8765622822,EigenLayer,restaking,eigencloud
2026-03-13 00:00:00,9020653140,EigenLayer,restaking,eigencloud
2026-03-14 00:00:00,9100522135,EigenLayer,restaking,eigencloud
2026-03-15 00:00:00,9171280070,EigenLayer,restaking,eigencloud
2026-03-16 00:00:00,9511819439,EigenLayer,restaking,eigencloud
2026-03-17 00:00:00,10298520654,EigenLayer,restaking,eigencloud
2026-03-18 00:00:00,10169727851,EigenLayer,restaking,eigencloud
2026-03-19 00:00:00,9623207763,EigenLayer,restaking,eigencloud
2026-03-20 00:00:00,9356486158,EigenLayer,restaking,eigencloud
2026-03-21 00:00:00,9406883872,EigenLayer,restaking,eigencloud
2026-03-22 00:00:00,9087227498,EigenLayer,restaking,eigencloud
2026-03-23 00:00:00,8897509002,EigenLayer,restaking,eigencloud
2026-03-24 00:00:00,9468575538,EigenLayer,restaking,eigencloud
2026-03-25 00:00:00,9088408231,EigenLayer,restaking,eigencloud
2026-03-26 00:00:00,9132883638,EigenLayer,restaking,eigencloud
2026-03-27 00:00:00,8644163435,EigenLayer,restaking,eigencloud
2026-03-28 00:00:00,8419781083,EigenLayer,restaking,eigencloud
2026-03-29 00:00:00,8460112192,EigenLayer,restaking,eigencloud
2026-03-30 00:00:00,8344720145,EigenLayer,restaking,eigencloud
2026-03-31 00:00:00,8586226980,EigenLayer,restaking,eigencloud
2026-04-01 00:00:00,8861634474,EigenLayer,restaking,eigencloud
2026-04-02 00:00:00,9090522593,EigenLayer,restaking,eigencloud
2026-04-03 00:00:00,8735313874,EigenLayer,restaking,eigencloud
2026-04-04 00:00:00,8366008093,EigenLayer,restaking,eigencloud
2026-04-05 00:00:00,8408461557,EigenLayer,restaking,eigencloud
2026-04-06 00:00:00,8648651934,EigenLayer,restaking,eigencloud
2026-04-07 00:00:00,8627831711,EigenLayer,restaking,eigencloud
2026-04-08 00:00:00,9109202794,EigenLayer,restaking,eigencloud
2026-04-09 00:00:00,8934885411,EigenLayer,restaking,eigencloud
2026-04-10 00:00:00,9070140407,EigenLayer,restaking,eigencloud
2026-04-11 00:00:00,9273994368,EigenLayer,restaking,eigencloud
2026-04-12 00:00:00,9452091601,EigenLayer,restaking,eigencloud
2026-04-13 00:00:00,9112964055,EigenLayer,restaking,eigencloud
2026-04-14 00:00:00,9836916617,EigenLayer,restaking,eigencloud
2026-04-15 00:00:00,9679186033,EigenLayer,restaking,eigencloud
2026-04-16 00:00:00,9763615844,EigenLayer,restaking,eigencloud
2026-04-17 00:00:00,9924304520,EigenLayer,restaking,eigencloud
2026-04-18 00:00:00,10251580971,EigenLayer,restaking,eigencloud
2026-04-19 00:00:00,9958276526,EigenLayer,restaking,eigencloud
2026-04-20 00:00:00,9608054935,EigenLayer,restaking,eigencloud
2026-04-21 00:00:00,9803822434,EigenLayer,restaking,eigencloud
2026-04-22 00:00:00,9807659386,EigenLayer,restaking,eigencloud
2026-04-23 00:00:00,10032289323,EigenLayer,restaking,eigencloud
2026-04-24 00:00:00,9757715793,EigenLayer,restaking,eigencloud
2026-04-25 00:00:00,9063592611,EigenLayer,restaking,eigencloud
2026-04-26 00:00:00,9225733443,EigenLayer,restaking,eigencloud
2026-04-27 00:00:00,9432222517,EigenLayer,restaking,eigencloud
2026-04-28 00:00:00,8985639684,EigenLayer,restaking,eigencloud
2026-04-29 00:00:00,8901422998,EigenLayer,restaking,eigencloud
2026-04-30 00:00:00,8823827809,EigenLayer,restaking,eigencloud
2026-05-01 00:00:00,8586619183,EigenLayer,restaking,eigencloud
2026-05-02 00:00:00,8438676691,EigenLayer,restaking,eigencloud
2026-05-03 00:00:00,8607589076,EigenLayer,restaking,eigencloud
2026-05-04 00:00:00,8363941713,EigenLayer,restaking,eigencloud
2026-05-05 00:00:00,7860116802,EigenLayer,restaking,eigencloud
2026-05-06 00:00:00,7887193969,EigenLayer,restaking,eigencloud
2026-05-07 00:00:00,7874010359,EigenLayer,restaking,eigencloud
2026-05-08 00:00:00,7665730443,EigenLayer,restaking,eigencloud
2026-05-09 00:00:00,7663329793,EigenLayer,restaking,eigencloud
2026-05-10 00:00:00,7510555379,EigenLayer,restaking,eigencloud
2026-05-11 00:00:00,7652619754,EigenLayer,restaking,eigencloud
2026-05-12 00:00:00,7533220921,EigenLayer,restaking,eigencloud
2026-05-13 00:00:00,7330453218,EigenLayer,restaking,eigencloud
2026-05-14 00:00:00,7332123392,EigenLayer,restaking,eigencloud
2026-05-15 00:00:00,7414766789,EigenLayer,restaking,eigencloud
2026-05-16 00:00:00,7249675981,EigenLayer,restaking,eigencloud
2026-05-17 00:00:00,7106433975,EigenLayer,restaking,eigencloud
2026-05-17 11:39:23,7150785882,EigenLayer,restaking,eigencloud
2020-12-19 23:00:00,1484680,Lido,liquid_staking,lido
2020-12-20 23:00:00,2697598,Lido,liquid_staking,lido
2020-12-21 23:00:00,3410253,Lido,liquid_staking,lido
2020-12-22 23:00:00,4563625,Lido,liquid_staking,lido
2020-12-23 23:00:00,4661610,Lido,liquid_staking,lido
2020-12-24 23:00:00,5347131,Lido,liquid_staking,lido
2020-12-25 23:00:00,7325073,Lido,liquid_staking,lido
2020-12-26 23:00:00,7408641,Lido,liquid_staking,lido
2020-12-27 23:00:00,8347237,Lido,liquid_staking,lido
2020-12-28 23:00:00,11344171,Lido,liquid_staking,lido
2020-12-29 23:00:00,11765090,Lido,liquid_staking,lido
2020-12-30 23:00:00,12119912,Lido,liquid_staking,lido
2020-12-31 23:00:00,12582167,Lido,liquid_staking,lido
2021-01-01 23:00:00,12543454,Lido,liquid_staking,lido
2021-01-02 23:00:00,12514881,Lido,liquid_staking,lido
2021-01-03 23:00:00,14195762,Lido,liquid_staking,lido
2021-01-04 23:00:00,16274684,Lido,liquid_staking,lido
2021-01-05 23:00:00,18325628,Lido,liquid_staking,lido
2021-01-06 23:00:00,20965573,Lido,liquid_staking,lido
2021-01-07 23:00:00,22570112,Lido,liquid_staking,lido
2021-01-08 23:00:00,25529569,Lido,liquid_staking,lido
2021-01-09 23:00:00,26299896,Lido,liquid_staking,lido
2021-01-10 23:00:00,33624539,Lido,liquid_staking,lido
2021-01-11 23:00:00,28869701,Lido,liquid_staking,lido
2021-01-12 23:00:00,30663261,Lido,liquid_staking,lido
2021-01-13 23:00:00,50094240,Lido,liquid_staking,lido
2021-01-14 23:00:00,73598480,Lido,liquid_staking,lido
2021-01-15 23:00:00,81861176,Lido,liquid_staking,lido
2021-01-16 23:00:00,85283818,Lido,liquid_staking,lido
2021-01-17 23:00:00,86160071,Lido,liquid_staking,lido
2021-01-18 23:00:00,87391374,Lido,liquid_staking,lido
2021-01-19 23:00:00,99335242,Lido,liquid_staking,lido
2021-01-20 23:00:00,100287613,Lido,liquid_staking,lido
2021-01-21 23:00:00,96701078,Lido,liquid_staking,lido
2021-01-22 23:00:00,92488787,Lido,liquid_staking,lido
2021-01-23 23:00:00,110569488,Lido,liquid_staking,lido
2021-01-24 23:00:00,121085410,Lido,liquid_staking,lido
2021-01-25 23:00:00,127510734,Lido,liquid_staking,lido
2021-01-26 23:00:00,127250330,Lido,liquid_staking,lido
2021-01-27 23:00:00,126687251,Lido,liquid_staking,lido
2021-01-28 23:00:00,130256710,Lido,liquid_staking,lido
2021-01-29 23:00:00,137228376,Lido,liquid_staking,lido
2021-01-30 23:00:00,135996393,Lido,liquid_staking,lido
2021-01-31 23:00:00,142145275,Lido,liquid_staking,lido
2021-02-01 23:00:00,142743932,Lido,liquid_staking,lido
2021-02-02 23:00:00,167649885,Lido,liquid_staking,lido
2021-02-03 23:00:00,192995719,Lido,liquid_staking,lido
2021-02-04 23:00:00,207027159,Lido,liquid_staking,lido
2021-02-05 23:00:00,211317161,Lido,liquid_staking,lido
2021-02-06 23:00:00,222659990,Lido,liquid_staking,lido
2021-02-07 23:00:00,223083142,Lido,liquid_staking,lido
2021-02-08 23:00:00,226682734,Lido,liquid_staking,lido
2021-02-09 23:00:00,244636373,Lido,liquid_staking,lido
2021-02-10 23:00:00,258690801,Lido,liquid_staking,lido
2021-02-11 23:00:00,257373193,Lido,liquid_staking,lido
2021-02-12 23:00:00,255301490,Lido,liquid_staking,lido
2021-02-13 23:00:00,261404596,Lido,liquid_staking,lido
2021-02-14 23:00:00,300220386,Lido,liquid_staking,lido
2021-02-15 23:00:00,289892552,Lido,liquid_staking,lido
2021-02-16 23:00:00,294701079,Lido,liquid_staking,lido
2021-02-17 23:00:00,298817631,Lido,liquid_staking,lido
2021-02-18 23:00:00,340560743,Lido,liquid_staking,lido
2021-02-19 23:00:00,347618380,Lido,liquid_staking,lido
2021-02-20 23:00:00,363633943,Lido,liquid_staking,lido
2021-02-21 23:00:00,357021502,Lido,liquid_staking,lido
2021-02-22 23:00:00,333163674,Lido,liquid_staking,lido
2021-02-23 23:00:00,267003426,Lido,liquid_staking,lido
2021-02-24 23:00:00,303534847,Lido,liquid_staking,lido
2021-02-25 23:00:00,294421081,Lido,liquid_staking,lido
2021-02-26 23:00:00,270362309,Lido,liquid_staking,lido
2021-02-27 23:00:00,269803675,Lido,liquid_staking,lido
2021-02-28 23:00:00,250111049,Lido,liquid_staking,lido
2021-03-01 23:00:00,279680304,Lido,liquid_staking,lido
2021-03-02 23:00:00,284790615,Lido,liquid_staking,lido
2021-03-03 23:00:00,294543162,Lido,liquid_staking,lido
2021-03-04 23:00:00,287090601,Lido,liquid_staking,lido
2021-03-05 23:00:00,272111645,Lido,liquid_staking,lido
2021-03-06 23:00:00,288340247,Lido,liquid_staking,lido
2021-03-07 23:00:00,308683748,Lido,liquid_staking,lido
2021-03-08 23:00:00,316855760,Lido,liquid_staking,lido
2021-03-09 23:00:00,337615557,Lido,liquid_staking,lido
2021-03-10 23:00:00,338318383,Lido,liquid_staking,lido
2021-03-11 23:00:00,329516422,Lido,liquid_staking,lido
2021-03-12 23:00:00,332363356,Lido,liquid_staking,lido
2021-03-13 23:00:00,343424416,Lido,liquid_staking,lido
2021-03-14 23:00:00,350346676,Lido,liquid_staking,lido
2021-03-15 23:00:00,332987874,Lido,liquid_staking,lido
2021-03-16 23:00:00,336938520,Lido,liquid_staking,lido
2021-03-17 23:00:00,460583631,Lido,liquid_staking,lido
2021-03-18 23:00:00,509773361,Lido,liquid_staking,lido
2021-03-19 23:00:00,574607276,Lido,liquid_staking,lido
2021-03-20 23:00:00,587935872,Lido,liquid_staking,lido
2021-03-21 23:00:00,602769063,Lido,liquid_staking,lido
2021-03-22 23:00:00,618289929,Lido,liquid_staking,lido
2021-03-23 23:00:00,569500275,Lido,liquid_staking,lido
2021-03-24 23:00:00,606935658,Lido,liquid_staking,lido
2021-03-25 23:00:00,583873492,Lido,liquid_staking,lido
2021-03-26 23:00:00,625796928,Lido,liquid_staking,lido
2021-03-27 23:00:00,630767135,Lido,liquid_staking,lido
2021-03-28 22:00:00,649286652,Lido,liquid_staking,lido
2021-03-29 22:00:00,704078283,Lido,liquid_staking,lido
2021-03-30 22:00:00,741152297,Lido,liquid_staking,lido
2021-03-31 22:00:00,743763681,Lido,liquid_staking,lido
2021-04-01 22:00:00,779177993,Lido,liquid_staking,lido
2021-04-02 22:00:00,799026221,Lido,liquid_staking,lido
2021-04-03 22:00:00,821105326,Lido,liquid_staking,lido
2021-04-04 22:00:00,807264483,Lido,liquid_staking,lido
2021-04-05 22:00:00,804754966,Lido,liquid_staking,lido
2021-04-06 22:00:00,810757400,Lido,liquid_staking,lido
2021-04-07 22:00:00,805140938,Lido,liquid_staking,lido
2021-04-08 22:00:00,819712012,Lido,liquid_staking,lido
2021-04-09 22:00:00,934439179,Lido,liquid_staking,lido
2021-04-10 22:00:00,965035169,Lido,liquid_staking,lido
2021-04-11 22:00:00,951022763,Lido,liquid_staking,lido
2021-04-12 22:00:00,981448867,Lido,liquid_staking,lido
2021-04-13 22:00:00,1073726481,Lido,liquid_staking,lido
2021-04-14 22:00:00,1080081949,Lido,liquid_staking,lido
2021-04-15 22:00:00,1131586581,Lido,liquid_staking,lido
2021-04-16 22:00:00,1154120907,Lido,liquid_staking,lido
2021-04-17 22:00:00,1161711743,Lido,liquid_staking,lido
2021-04-18 22:00:00,991105854,Lido,liquid_staking,lido
2021-04-19 22:00:00,1189430787,Lido,liquid_staking,lido
2021-04-20 22:00:00,1089818460,Lido,liquid_staking,lido
2021-04-21 22:00:00,1160402395,Lido,liquid_staking,lido
2021-04-22 22:00:00,1228013431,Lido,liquid_staking,lido
2021-04-23 22:00:00,1101462978,Lido,liquid_staking,lido
2021-04-24 22:00:00,1187254629,Lido,liquid_staking,lido
2021-04-25 22:00:00,1271627756,Lido,liquid_staking,lido
2021-04-26 22:00:00,1385400252,Lido,liquid_staking,lido
2021-04-27 22:00:00,1455239310,Lido,liquid_staking,lido
2021-04-28 22:00:00,1430439245,Lido,liquid_staking,lido
2021-04-29 22:00:00,1475154399,Lido,liquid_staking,lido
2021-04-30 22:00:00,1511692566,Lido,liquid_staking,lido
2021-05-01 22:00:00,1511145432,Lido,liquid_staking,lido
2021-05-02 22:00:00,1567952725,Lido,liquid_staking,lido
2021-05-03 22:00:00,1716457044,Lido,liquid_staking,lido
2021-05-04 22:00:00,1700927523,Lido,liquid_staking,lido
2021-05-05 22:00:00,1764741635,Lido,liquid_staking,lido
2021-05-06 22:00:00,1782883841,Lido,liquid_staking,lido
2021-05-07 22:00:00,1867000732,Lido,liquid_staking,lido
2021-05-08 22:00:00,1981645031,Lido,liquid_staking,lido
2021-05-09 22:00:00,2145406106,Lido,liquid_staking,lido
2021-05-10 22:00:00,2216323676,Lido,liquid_staking,lido
2021-05-11 22:00:00,2125008558,Lido,liquid_staking,lido
2021-05-12 22:00:00,2261368556,Lido,liquid_staking,lido
2021-05-14 00:00:00,2194510145,Lido,liquid_staking,lido
2021-05-15 00:00:00,2009113421,Lido,liquid_staking,lido
2021-05-16 00:00:00,2044538182,Lido,liquid_staking,lido
2021-05-17 00:00:00,1889629618,Lido,liquid_staking,lido
2021-05-18 00:00:00,1973541990,Lido,liquid_staking,lido
2021-05-19 00:00:00,1366850255,Lido,liquid_staking,lido
2021-05-20 00:00:00,1503975800,Lido,liquid_staking,lido
2021-05-21 00:00:00,1197332029,Lido,liquid_staking,lido
2021-05-22 00:00:00,1268520009,Lido,liquid_staking,lido
2021-05-23 00:00:00,1089389749,Lido,liquid_staking,lido
2021-05-24 00:00:00,1436918532,Lido,liquid_staking,lido
2021-05-25 00:00:00,1457761756,Lido,liquid_staking,lido
2021-05-26 00:00:00,1572288635,Lido,liquid_staking,lido
2021-05-27 00:00:00,1541603698,Lido,liquid_staking,lido
2021-05-28 00:00:00,1369256784,Lido,liquid_staking,lido
2021-05-29 00:00:00,1284551120,Lido,liquid_staking,lido
2021-05-30 00:00:00,1371812777,Lido,liquid_staking,lido
2021-05-31 00:00:00,1568761944,Lido,liquid_staking,lido
2021-06-01 00:00:00,1536235064,Lido,liquid_staking,lido
2021-06-02 00:00:00,1614326124,Lido,liquid_staking,lido
2021-06-03 00:00:00,1740486738,Lido,liquid_staking,lido
2021-06-04 00:00:00,1621178893,Lido,liquid_staking,lido
2021-06-05 00:00:00,1545877559,Lido,liquid_staking,lido
2021-06-06 00:00:00,1607248302,Lido,liquid_staking,lido
2021-06-07 00:00:00,1528425925,Lido,liquid_staking,lido
2021-06-08 00:00:00,1509199946,Lido,liquid_staking,lido
2021-06-09 00:00:00,1597842348,Lido,liquid_staking,lido
2021-06-10 00:00:00,1552872592,Lido,liquid_staking,lido
2021-06-11 00:00:00,1491923061,Lido,liquid_staking,lido
2021-06-12 00:00:00,1532641243,Lido,liquid_staking,lido
2021-06-13 00:00:00,1645056229,Lido,liquid_staking,lido
2021-06-14 00:00:00,1699800875,Lido,liquid_staking,lido
2021-06-15 00:00:00,1727769757,Lido,liquid_staking,lido
2021-06-16 00:00:00,1643680666,Lido,liquid_staking,lido
2021-06-17 00:00:00,1655355907,Lido,liquid_staking,lido
2021-06-18 00:00:00,1575760556,Lido,liquid_staking,lido
2021-06-19 00:00:00,1553281987,Lido,liquid_staking,lido
2021-06-20 00:00:00,1607527078,Lido,liquid_staking,lido
2021-06-21 00:00:00,1354610799,Lido,liquid_staking,lido
2021-06-22 00:00:00,1350497871,Lido,liquid_staking,lido
2021-06-23 00:00:00,1441034258,Lido,liquid_staking,lido
2021-06-24 00:00:00,1470998790,Lido,liquid_staking,lido
2021-06-25 00:00:00,1372761056,Lido,liquid_staking,lido
2021-06-26 00:00:00,1362958264,Lido,liquid_staking,lido
2021-06-27 00:00:00,1470769605,Lido,liquid_staking,lido
2021-06-28 00:00:00,1549607364,Lido,liquid_staking,lido
2021-06-29 00:00:00,1662588943,Lido,liquid_staking,lido
2021-06-30 00:00:00,1761252203,Lido,liquid_staking,lido
2021-07-01 00:00:00,1685989222,Lido,liquid_staking,lido
2021-07-02 00:00:00,1701313201,Lido,liquid_staking,lido
2021-07-03 00:00:00,1749590141,Lido,liquid_staking,lido
2021-07-04 00:00:00,1854074210,Lido,liquid_staking,lido
2021-07-05 00:00:00,1793950756,Lido,liquid_staking,lido
2021-07-06 00:00:00,1888267834,Lido,liquid_staking,lido
2021-07-07 00:00:00,1958433589,Lido,liquid_staking,lido
2021-07-08 00:00:00,1826406341,Lido,liquid_staking,lido
2021-07-09 00:00:00,2002138706,Lido,liquid_staking,lido
2021-07-10 00:00:00,1966707980,Lido,liquid_staking,lido
2021-07-11 00:00:00,2022730895,Lido,liquid_staking,lido
2021-07-12 00:00:00,1918614791,Lido,liquid_staking,lido
2021-07-13 00:00:00,1792056068,Lido,liquid_staking,lido
2021-07-14 00:00:00,1825763965,Lido,liquid_staking,lido
2021-07-15 00:00:00,1747645008,Lido,liquid_staking,lido
2021-07-16 00:00:00,1728128921,Lido,liquid_staking,lido
2021-07-17 00:00:00,1740624541,Lido,liquid_staking,lido
2021-07-18 00:00:00,1753093990,Lido,liquid_staking,lido
2021-07-19 00:00:00,1663784849,Lido,liquid_staking,lido
2021-07-20 00:00:00,1645473780,Lido,liquid_staking,lido
2021-07-21 00:00:00,1850988652,Lido,liquid_staking,lido
2021-07-22 00:00:00,1939523761,Lido,liquid_staking,lido
2021-07-23 00:00:00,2035767625,Lido,liquid_staking,lido
2021-07-24 00:00:00,2139815992,Lido,liquid_staking,lido
2021-07-25 00:00:00,2126988567,Lido,liquid_staking,lido
2021-07-26 00:00:00,2173665699,Lido,liquid_staking,lido
2021-07-27 00:00:00,2300562301,Lido,liquid_staking,lido
2021-07-28 00:00:00,2441145596,Lido,liquid_staking,lido
2021-07-29 00:00:00,2508336162,Lido,liquid_staking,lido
2021-07-30 00:00:00,2568334467,Lido,liquid_staking,lido
2021-07-31 00:00:00,2626538659,Lido,liquid_staking,lido
2021-08-01 00:00:00,2735696255,Lido,liquid_staking,lido
2021-08-02 00:00:00,2832032722,Lido,liquid_staking,lido
2021-08-03 00:00:00,3002418510,Lido,liquid_staking,lido
2021-08-04 00:00:00,3176112819,Lido,liquid_staking,lido
2021-08-05 00:00:00,3263181987,Lido,liquid_staking,lido
2021-08-06 00:00:00,3271814230,Lido,liquid_staking,lido
2021-08-07 00:00:00,3492560356,Lido,liquid_staking,lido
2021-08-08 00:00:00,3317557378,Lido,liquid_staking,lido
2021-08-09 00:00:00,3469187210,Lido,liquid_staking,lido
2021-08-10 00:00:00,3660679480,Lido,liquid_staking,lido
2021-08-11 00:00:00,3653403831,Lido,liquid_staking,lido
2021-08-12 00:00:00,3575639972,Lido,liquid_staking,lido
2021-08-13 00:00:00,3904332966,Lido,liquid_staking,lido
2021-08-14 00:00:00,3882854658,Lido,liquid_staking,lido
2021-08-15 00:00:00,4051159508,Lido,liquid_staking,lido
2021-08-16 00:00:00,4190399677,Lido,liquid_staking,lido
2021-08-17 00:00:00,4340858071,Lido,liquid_staking,lido
2021-08-18 00:00:00,4853648538,Lido,liquid_staking,lido
2021-08-19 00:00:00,4753885993,Lido,liquid_staking,lido
2021-08-20 00:00:00,5013284058,Lido,liquid_staking,lido
2021-08-21 00:00:00,4879643526,Lido,liquid_staking,lido
2021-08-22 00:00:00,4904055359,Lido,liquid_staking,lido
2021-08-23 00:00:00,5231930366,Lido,liquid_staking,lido
2021-08-24 00:00:00,5162294313,Lido,liquid_staking,lido
2021-08-25 00:00:00,5124227487,Lido,liquid_staking,lido
2021-08-26 00:00:00,4924940983,Lido,liquid_staking,lido
2021-08-27 00:00:00,5523443743,Lido,liquid_staking,lido
2021-08-28 00:00:00,5201638979,Lido,liquid_staking,lido
2021-08-29 00:00:00,5656464375,Lido,liquid_staking,lido
2021-08-30 00:00:00,5899530757,Lido,liquid_staking,lido
2021-08-31 00:00:00,5770642097,Lido,liquid_staking,lido
2021-09-01 00:00:00,5967246630,Lido,liquid_staking,lido
2021-09-02 00:00:00,6141396398,Lido,liquid_staking,lido
2021-09-03 00:00:00,6454292476,Lido,liquid_staking,lido
2021-09-04 00:00:00,6742750814,Lido,liquid_staking,lido
2021-09-05 00:00:00,6630580933,Lido,liquid_staking,lido
2021-09-06 00:00:00,6718506677,Lido,liquid_staking,lido
2021-09-07 00:00:00,6752957163,Lido,liquid_staking,lido
2021-09-08 00:00:00,6568618388,Lido,liquid_staking,lido
2021-09-09 00:00:00,5919403665,Lido,liquid_staking,lido
2021-09-10 00:00:00,6208354931,Lido,liquid_staking,lido
2021-09-11 00:00:00,6645207111,Lido,liquid_staking,lido
2021-09-12 00:00:00,6718671011,Lido,liquid_staking,lido
2021-09-13 00:00:00,6941483271,Lido,liquid_staking,lido
2021-09-14 00:00:00,6374544618,Lido,liquid_staking,lido
2021-09-15 00:00:00,6923769844,Lido,liquid_staking,lido
2021-09-16 00:00:00,6946000905,Lido,liquid_staking,lido
2021-09-17 00:00:00,6611530448,Lido,liquid_staking,lido
2021-09-18 00:00:00,6734812965,Lido,liquid_staking,lido
2021-09-19 00:00:00,6479019178,Lido,liquid_staking,lido
2021-09-20 00:00:00,5777649005,Lido,liquid_staking,lido
2021-09-21 00:00:00,5278958197,Lido,liquid_staking,lido
2021-09-22 00:00:00,6240080016,Lido,liquid_staking,lido
2021-09-23 00:00:00,6570413025,Lido,liquid_staking,lido
2021-09-24 00:00:00,6337195299,Lido,liquid_staking,lido
2021-09-25 00:00:00,6429449332,Lido,liquid_staking,lido
2021-09-26 00:00:00,6327258528,Lido,liquid_staking,lido
2021-09-27 00:00:00,6337936368,Lido,liquid_staking,lido
2021-09-28 00:00:00,5908492625,Lido,liquid_staking,lido
2021-09-29 00:00:00,6063285055,Lido,liquid_staking,lido
2021-09-30 00:00:00,6571715805,Lido,liquid_staking,lido
2021-10-01 00:00:00,6979156441,Lido,liquid_staking,lido
2021-10-02 00:00:00,7407825479,Lido,liquid_staking,lido
2021-10-03 00:00:00,7416941679,Lido,liquid_staking,lido
2021-10-04 00:00:00,7622825583,Lido,liquid_staking,lido
2021-10-05 00:00:00,7713144064,Lido,liquid_staking,lido
2021-10-06 00:00:00,7804666312,Lido,liquid_staking,lido
2021-10-07 00:00:00,7705582541,Lido,liquid_staking,lido
2021-10-08 00:00:00,8217360159,Lido,liquid_staking,lido
2021-10-09 00:00:00,7957443411,Lido,liquid_staking,lido
2021-10-10 00:00:00,7960060420,Lido,liquid_staking,lido
2021-10-11 00:00:00,7577219951,Lido,liquid_staking,lido
2021-10-12 00:00:00,7478291867,Lido,liquid_staking,lido
2021-10-13 00:00:00,7495010603,Lido,liquid_staking,lido
2021-10-14 00:00:00,7675547003,Lido,liquid_staking,lido
2021-10-15 00:00:00,7910686086,Lido,liquid_staking,lido
2021-10-16 00:00:00,8100694775,Lido,liquid_staking,lido
2021-10-17 00:00:00,8007667987,Lido,liquid_staking,lido
2021-10-18 00:00:00,8129356712,Lido,liquid_staking,lido
2021-10-19 00:00:00,7842359208,Lido,liquid_staking,lido
2021-10-20 00:00:00,8162518114,Lido,liquid_staking,lido
2021-10-21 00:00:00,9055902381,Lido,liquid_staking,lido
2021-10-22 00:00:00,8888982254,Lido,liquid_staking,lido
2021-10-23 00:00:00,8844943590,Lido,liquid_staking,lido
2021-10-24 00:00:00,9089202133,Lido,liquid_staking,lido
2021-10-25 00:00:00,8972859742,Lido,liquid_staking,lido
2021-10-26 00:00:00,9342398994,Lido,liquid_staking,lido
2021-10-27 00:00:00,9188670051,Lido,liquid_staking,lido
2021-10-28 00:00:00,8657078760,Lido,liquid_staking,lido
2021-10-29 00:00:00,9444475951,Lido,liquid_staking,lido
2021-10-30 00:00:00,9585148451,Lido,liquid_staking,lido
2021-10-31 00:00:00,9469184595,Lido,liquid_staking,lido
2021-11-01 00:00:00,9375709687,Lido,liquid_staking,lido
2021-11-02 00:00:00,9486550621,Lido,liquid_staking,lido
2021-11-03 00:00:00,9915548997,Lido,liquid_staking,lido
2021-11-04 00:00:00,10179222730,Lido,liquid_staking,lido
2021-11-05 00:00:00,10382174345,Lido,liquid_staking,lido
2021-11-06 00:00:00,10203010928,Lido,liquid_staking,lido
2021-11-07 00:00:00,10369774632,Lido,liquid_staking,lido
2021-11-08 00:00:00,10530148494,Lido,liquid_staking,lido
2021-11-09 00:00:00,10951468099,Lido,liquid_staking,lido
2021-11-10 00:00:00,10616397605,Lido,liquid_staking,lido
2021-11-11 00:00:00,10304650578,Lido,liquid_staking,lido
2021-11-12 00:00:00,10641286377,Lido,liquid_staking,lido
2021-11-13 00:00:00,10525843802,Lido,liquid_staking,lido
2021-11-14 00:00:00,10627295728,Lido,liquid_staking,lido
2021-11-15 00:00:00,10651656762,Lido,liquid_staking,lido
2021-11-16 00:00:00,10125304469,Lido,liquid_staking,lido
2021-11-17 00:00:00,9383475430,Lido,liquid_staking,lido
2021-11-18 00:00:00,9666775604,Lido,liquid_staking,lido
2021-11-19 00:00:00,9076356852,Lido,liquid_staking,lido
2021-11-20 00:00:00,9592116206,Lido,liquid_staking,lido
2021-11-21 00:00:00,9862294010,Lido,liquid_staking,lido
2021-11-22 00:00:00,9283906525,Lido,liquid_staking,lido
2021-11-23 00:00:00,9220307508,Lido,liquid_staking,lido
2021-11-24 00:00:00,9642353394,Lido,liquid_staking,lido
2021-11-25 00:00:00,9339757721,Lido,liquid_staking,lido
2021-11-26 00:00:00,9991469990,Lido,liquid_staking,lido
2021-11-27 00:00:00,9222087074,Lido,liquid_staking,lido
2021-11-28 00:00:00,9307649599,Lido,liquid_staking,lido
2021-11-29 00:00:00,10204315971,Lido,liquid_staking,lido
2021-11-30 00:00:00,10413358618,Lido,liquid_staking,lido
2021-12-01 00:00:00,11273831763,Lido,liquid_staking,lido
2021-12-02 00:00:00,11448965409,Lido,liquid_staking,lido
2021-12-03 00:00:00,11626412047,Lido,liquid_staking,lido
2021-12-04 00:00:00,11099651716,Lido,liquid_staking,lido
2021-12-05 00:00:00,11619913723,Lido,liquid_staking,lido
2021-12-06 00:00:00,10914463410,Lido,liquid_staking,lido
2021-12-07 00:00:00,11428110929,Lido,liquid_staking,lido
2021-12-08 00:00:00,11619886092,Lido,liquid_staking,lido
2021-12-09 00:00:00,11972919269,Lido,liquid_staking,lido
2021-12-10 00:00:00,11089075361,Lido,liquid_staking,lido
2021-12-11 00:00:00,10345441623,Lido,liquid_staking,lido
2021-12-12 00:00:00,10392077192,Lido,liquid_staking,lido
2021-12-13 00:00:00,10728809966,Lido,liquid_staking,lido
2021-12-14 00:00:00,9752769276,Lido,liquid_staking,lido
2021-12-15 00:00:00,10150240944,Lido,liquid_staking,lido
2021-12-16 00:00:00,10634887344,Lido,liquid_staking,lido
2021-12-17 00:00:00,10651566200,Lido,liquid_staking,lido
2021-12-18 00:00:00,10606900417,Lido,liquid_staking,lido
2021-12-19 00:00:00,11185297212,Lido,liquid_staking,lido
2021-12-20 00:00:00,11507191790,Lido,liquid_staking,lido
2021-12-21 00:00:00,11838478074,Lido,liquid_staking,lido
2021-12-22 00:00:00,12496661072,Lido,liquid_staking,lido
2021-12-23 00:00:00,12240062543,Lido,liquid_staking,lido
2021-12-24 00:00:00,12997599933,Lido,liquid_staking,lido
2021-12-25 00:00:00,13103609651,Lido,liquid_staking,lido
2021-12-26 00:00:00,13257830671,Lido,liquid_staking,lido
2021-12-27 00:00:00,13234517381,Lido,liquid_staking,lido
2021-12-28 00:00:00,12663980502,Lido,liquid_staking,lido
2021-12-29 00:00:00,11987365372,Lido,liquid_staking,lido
2021-12-30 00:00:00,11623215488,Lido,liquid_staking,lido
2021-12-31 00:00:00,11742907288,Lido,liquid_staking,lido
2022-01-01 00:00:00,11929641642,Lido,liquid_staking,lido
2022-01-02 00:00:00,12467491871,Lido,liquid_staking,lido
2022-01-03 00:00:00,12491296642,Lido,liquid_staking,lido
2022-01-04 00:00:00,12316385857,Lido,liquid_staking,lido
2022-01-05 00:00:00,12235291133,Lido,liquid_staking,lido
2022-01-06 00:00:00,11363306915,Lido,liquid_staking,lido
2022-01-07 00:00:00,10986528319,Lido,liquid_staking,lido
2022-01-08 00:00:00,10240149691,Lido,liquid_staking,lido
2022-01-09 00:00:00,9873245948,Lido,liquid_staking,lido
2022-01-10 00:00:00,10356055899,Lido,liquid_staking,lido
2022-01-11 00:00:00,9938852312,Lido,liquid_staking,lido
2022-01-12 00:00:00,10570306750,Lido,liquid_staking,lido
2022-01-13 00:00:00,11347188541,Lido,liquid_staking,lido
2022-01-14 00:00:00,10964995451,Lido,liquid_staking,lido
2022-01-15 00:00:00,11200072240,Lido,liquid_staking,lido
2022-01-16 00:00:00,11625822458,Lido,liquid_staking,lido
2022-01-17 00:00:00,11641630131,Lido,liquid_staking,lido
2022-01-18 00:00:00,10946148992,Lido,liquid_staking,lido
2022-01-19 00:00:00,10951566496,Lido,liquid_staking,lido
2022-01-20 00:00:00,10890076482,Lido,liquid_staking,lido
2022-01-21 00:00:00,10612924408,Lido,liquid_staking,lido
2022-01-22 00:00:00,8918160780,Lido,liquid_staking,lido
2022-01-23 00:00:00,8792983908,Lido,liquid_staking,lido
2022-01-24 00:00:00,9193162773,Lido,liquid_staking,lido
2022-01-25 00:00:00,8768612208,Lido,liquid_staking,lido
2022-01-26 00:00:00,8721859539,Lido,liquid_staking,lido
2022-01-27 00:00:00,8955346515,Lido,liquid_staking,lido
2022-01-28 00:00:00,8057361161,Lido,liquid_staking,lido
2022-01-29 00:00:00,8114759697,Lido,liquid_staking,lido
2022-01-30 00:00:00,8154307092,Lido,liquid_staking,lido
2022-01-31 00:00:00,7741523020,Lido,liquid_staking,lido
2022-02-01 00:00:00,8352196700,Lido,liquid_staking,lido
2022-02-02 00:00:00,8626655568,Lido,liquid_staking,lido
2022-02-03 00:00:00,8137376340,Lido,liquid_staking,lido
2022-02-04 00:00:00,8343472391,Lido,liquid_staking,lido
2022-02-05 00:00:00,9062155475,Lido,liquid_staking,lido
2022-02-06 00:00:00,9355503469,Lido,liquid_staking,lido
2022-02-07 00:00:00,9425857704,Lido,liquid_staking,lido
2022-02-08 00:00:00,9849093652,Lido,liquid_staking,lido
2022-02-09 00:00:00,9684040171,Lido,liquid_staking,lido
2022-02-10 00:00:00,9867501784,Lido,liquid_staking,lido
2022-02-11 00:00:00,9323790420,Lido,liquid_staking,lido
2022-02-12 00:00:00,8869054240,Lido,liquid_staking,lido
2022-02-13 00:00:00,8908597057,Lido,liquid_staking,lido
2022-02-14 00:00:00,8868500071,Lido,liquid_staking,lido
2022-02-15 00:00:00,9109277367,Lido,liquid_staking,lido
2022-02-16 00:00:00,9764632045,Lido,liquid_staking,lido
2022-02-17 00:00:00,10776992706,Lido,liquid_staking,lido
2022-02-18 00:00:00,9849181387,Lido,liquid_staking,lido
2022-02-19 00:00:00,9635770088,Lido,liquid_staking,lido
2022-02-20 00:00:00,9568527335,Lido,liquid_staking,lido
2022-02-21 00:00:00,9284020360,Lido,liquid_staking,lido
2022-02-22 00:00:00,9176455049,Lido,liquid_staking,lido
2022-02-23 00:00:00,9579482020,Lido,liquid_staking,lido
2022-02-24 00:00:00,10183384770,Lido,liquid_staking,lido
2022-02-25 00:00:00,10570784656,Lido,liquid_staking,lido
2022-02-26 00:00:00,11549488244,Lido,liquid_staking,lido
2022-02-27 00:00:00,12085656238,Lido,liquid_staking,lido
2022-02-28 00:00:00,11178505823,Lido,liquid_staking,lido
2022-03-01 00:00:00,13825763846,Lido,liquid_staking,lido
2022-03-02 00:00:00,13946529494,Lido,liquid_staking,lido
2022-03-03 00:00:00,14035992618,Lido,liquid_staking,lido
2022-03-04 00:00:00,13556692075,Lido,liquid_staking,lido
2022-03-05 00:00:00,12480064598,Lido,liquid_staking,lido
2022-03-06 00:00:00,13033542657,Lido,liquid_staking,lido
2022-03-07 00:00:00,12120705188,Lido,liquid_staking,lido
2022-03-08 00:00:00,12179712553,Lido,liquid_staking,lido
2022-03-09 00:00:00,13490907049,Lido,liquid_staking,lido
2022-03-10 00:00:00,14963489373,Lido,liquid_staking,lido
2022-03-11 00:00:00,14337221102,Lido,liquid_staking,lido
2022-03-12 00:00:00,13641674320,Lido,liquid_staking,lido
2022-03-13 00:00:00,13512750907,Lido,liquid_staking,lido
2022-03-14 00:00:00,13457150512,Lido,liquid_staking,lido
2022-03-15 00:00:00,14236206290,Lido,liquid_staking,lido
2022-03-16 00:00:00,14296430953,Lido,liquid_staking,lido
2022-03-17 00:00:00,14926073787,Lido,liquid_staking,lido
2022-03-18 00:00:00,14746238057,Lido,liquid_staking,lido
2022-03-19 00:00:00,15747370146,Lido,liquid_staking,lido
2022-03-20 00:00:00,16062992039,Lido,liquid_staking,lido
2022-03-21 00:00:00,15733361492,Lido,liquid_staking,lido
2022-03-22 00:00:00,16314501506,Lido,liquid_staking,lido
2022-03-23 00:00:00,16354448950,Lido,liquid_staking,lido
2022-03-24 00:00:00,16597542811,Lido,liquid_staking,lido
2022-03-25 00:00:00,16722121023,Lido,liquid_staking,lido
2022-03-26 00:00:00,16350601272,Lido,liquid_staking,lido
2022-03-27 00:00:00,16625411693,Lido,liquid_staking,lido
2022-03-28 00:00:00,17267464636,Lido,liquid_staking,lido
2022-03-29 00:00:00,17980982698,Lido,liquid_staking,lido
2022-03-30 00:00:00,18829392484,Lido,liquid_staking,lido
2022-03-31 00:00:00,18882952743,Lido,liquid_staking,lido
2022-04-01 00:00:00,18766260162,Lido,liquid_staking,lido
2022-04-02 00:00:00,19461202817,Lido,liquid_staking,lido
2022-04-03 00:00:00,20366963551,Lido,liquid_staking,lido
2022-04-04 00:00:00,20323921629,Lido,liquid_staking,lido
2022-04-05 00:00:00,20834599651,Lido,liquid_staking,lido
2022-04-06 00:00:00,20404782354,Lido,liquid_staking,lido
2022-04-07 00:00:00,19247409681,Lido,liquid_staking,lido
2022-04-08 00:00:00,19241404990,Lido,liquid_staking,lido
2022-04-09 00:00:00,18508106396,Lido,liquid_staking,lido
2022-04-10 00:00:00,18855775492,Lido,liquid_staking,lido
2022-04-11 00:00:00,18489885366,Lido,liquid_staking,lido
2022-04-12 00:00:00,17057217092,Lido,liquid_staking,lido
2022-04-13 00:00:00,17244116893,Lido,liquid_staking,lido
2022-04-14 00:00:00,18020403754,Lido,liquid_staking,lido
2022-04-15 00:00:00,17220771341,Lido,liquid_staking,lido
2022-04-16 00:00:00,17344732324,Lido,liquid_staking,lido
2022-04-17 00:00:00,17489537674,Lido,liquid_staking,lido
2022-04-18 00:00:00,17038773731,Lido,liquid_staking,lido
2022-04-19 00:00:00,18541770155,Lido,liquid_staking,lido
2022-04-20 00:00:00,18937764937,Lido,liquid_staking,lido
2022-04-21 00:00:00,19006589703,Lido,liquid_staking,lido
2022-04-22 00:00:00,18337634424,Lido,liquid_staking,lido
2022-04-23 00:00:00,18644919567,Lido,liquid_staking,lido
2022-04-24 00:00:00,18257074794,Lido,liquid_staking,lido
2022-04-25 00:00:00,17960566117,Lido,liquid_staking,lido
2022-04-26 00:00:00,19336725140,Lido,liquid_staking,lido
2022-04-27 00:00:00,18037373061,Lido,liquid_staking,lido
2022-04-28 00:00:00,18561743211,Lido,liquid_staking,lido
2022-04-29 00:00:00,18736501192,Lido,liquid_staking,lido
2022-04-30 00:00:00,18112355454,Lido,liquid_staking,lido
2022-05-01 00:00:00,17603473301,Lido,liquid_staking,lido
2022-05-02 00:00:00,18174952115,Lido,liquid_staking,lido
2022-05-03 00:00:00,18660027954,Lido,liquid_staking,lido
2022-05-04 00:00:00,18347590202,Lido,liquid_staking,lido
2022-05-05 00:00:00,19390293831,Lido,liquid_staking,lido
2022-05-06 00:00:00,18410137617,Lido,liquid_staking,lido
2022-05-07 00:00:00,17882792425,Lido,liquid_staking,lido
2022-05-08 00:00:00,16633736902,Lido,liquid_staking,lido
2022-05-09 00:00:00,16061352956,Lido,liquid_staking,lido
2022-05-10 00:00:00,12333464844,Lido,liquid_staking,lido
2022-05-11 00:00:00,11595676249,Lido,liquid_staking,lido
2022-05-12 00:00:00,9244719849,Lido,liquid_staking,lido
2022-05-13 00:00:00,8387947914,Lido,liquid_staking,lido
2022-05-14 00:00:00,8675786007,Lido,liquid_staking,lido
2022-05-15 00:00:00,8770075827,Lido,liquid_staking,lido
2022-05-16 00:00:00,9065756551,Lido,liquid_staking,lido
2022-05-17 00:00:00,8756006520,Lido,liquid_staking,lido
2022-05-18 00:00:00,8954138495,Lido,liquid_staking,lido
2022-05-19 00:00:00,8269482693,Lido,liquid_staking,lido
2022-05-20 00:00:00,8586515306,Lido,liquid_staking,lido
2022-05-21 00:00:00,8336123918,Lido,liquid_staking,lido
2022-05-22 00:00:00,8450807298,Lido,liquid_staking,lido
2022-05-23 00:00:00,8723384540,Lido,liquid_staking,lido
2022-05-24 00:00:00,8489747534,Lido,liquid_staking,lido
2022-05-25 00:00:00,8435880883,Lido,liquid_staking,lido
2022-05-26 00:00:00,8372244522,Lido,liquid_staking,lido
2022-05-27 00:00:00,7626610155,Lido,liquid_staking,lido
2022-05-28 00:00:00,7396396879,Lido,liquid_staking,lido
2022-05-29 00:00:00,7655743615,Lido,liquid_staking,lido
2022-05-30 00:00:00,7722267485,Lido,liquid_staking,lido
2022-05-31 00:00:00,8503163677,Lido,liquid_staking,lido
2022-06-01 00:00:00,8328413791,Lido,liquid_staking,lido
2022-06-02 00:00:00,7816033676,Lido,liquid_staking,lido
2022-06-03 00:00:00,7825744721,Lido,liquid_staking,lido
2022-06-04 00:00:00,7573441179,Lido,liquid_staking,lido
2022-06-05 00:00:00,7708021983,Lido,liquid_staking,lido
2022-06-06 00:00:00,7717543079,Lido,liquid_staking,lido
2022-06-07 00:00:00,7525619669,Lido,liquid_staking,lido
2022-06-08 00:00:00,7762697038,Lido,liquid_staking,lido
2022-06-09 00:00:00,7659488944,Lido,liquid_staking,lido
2022-06-10 00:00:00,7611214821,Lido,liquid_staking,lido
2022-06-11 00:00:00,7183613869,Lido,liquid_staking,lido
2022-06-12 00:00:00,6556186722,Lido,liquid_staking,lido
2022-06-13 00:00:00,6059700637,Lido,liquid_staking,lido
2022-06-14 00:00:00,5146394959,Lido,liquid_staking,lido
2022-06-15 00:00:00,5150083485,Lido,liquid_staking,lido
2022-06-16 00:00:00,5273903360,Lido,liquid_staking,lido
2022-06-17 00:00:00,4569780460,Lido,liquid_staking,lido
2022-06-18 00:00:00,4688303994,Lido,liquid_staking,lido
2022-06-19 00:00:00,4273604850,Lido,liquid_staking,lido
2022-06-20 00:00:00,4695024018,Lido,liquid_staking,lido
2022-06-21 00:00:00,4815495582,Lido,liquid_staking,lido
2022-06-22 00:00:00,4796390172,Lido,liquid_staking,lido
2022-06-23 00:00:00,4624109086,Lido,liquid_staking,lido
2022-06-24 00:00:00,4914782963,Lido,liquid_staking,lido
2022-06-25 00:00:00,5247660857,Lido,liquid_staking,lido
2022-06-26 00:00:00,5336156445,Lido,liquid_staking,lido
2022-06-27 00:00:00,5172116610,Lido,liquid_staking,lido
2022-06-28 00:00:00,5083594153,Lido,liquid_staking,lido
2022-06-29 00:00:00,4935169566,Lido,liquid_staking,lido
2022-06-30 00:00:00,4712977381,Lido,liquid_staking,lido
2022-07-01 00:00:00,4763831875,Lido,liquid_staking,lido
2022-07-02 00:00:00,4582057974,Lido,liquid_staking,lido
2022-07-03 00:00:00,4581471448,Lido,liquid_staking,lido
2022-07-04 00:00:00,4624675259,Lido,liquid_staking,lido
2022-07-05 00:00:00,4984983055,Lido,liquid_staking,lido
2022-07-06 00:00:00,4974559493,Lido,liquid_staking,lido
2022-07-07 00:00:00,5133736448,Lido,liquid_staking,lido
2022-07-08 00:00:00,5344081527,Lido,liquid_staking,lido
2022-07-09 00:00:00,5250407031,Lido,liquid_staking,lido
2022-07-10 00:00:00,5250360556,Lido,liquid_staking,lido
2022-07-11 00:00:00,5061484195,Lido,liquid_staking,lido
2022-07-12 00:00:00,4746412145,Lido,liquid_staking,lido
2022-07-13 00:00:00,4517909382,Lido,liquid_staking,lido
2022-07-14 00:00:00,4813719763,Lido,liquid_staking,lido
2022-07-15 00:00:00,5145157261,Lido,liquid_staking,lido
2022-07-16 00:00:00,5287333312,Lido,liquid_staking,lido
2022-07-17 00:00:00,5897920265,Lido,liquid_staking,lido
2022-07-18 00:00:00,5848335028,Lido,liquid_staking,lido
2022-07-19 00:00:00,6818774574,Lido,liquid_staking,lido
2022-07-20 00:00:00,6678884086,Lido,liquid_staking,lido
2022-07-21 00:00:00,6612586502,Lido,liquid_staking,lido
2022-07-22 00:00:00,6765439728,Lido,liquid_staking,lido
2022-07-23 00:00:00,6951636984,Lido,liquid_staking,lido
2022-07-24 00:00:00,6809638843,Lido,liquid_staking,lido
2022-07-25 00:00:00,6815380955,Lido,liquid_staking,lido
2022-07-26 00:00:00,6333162243,Lido,liquid_staking,lido
2022-07-27 00:00:00,6270641475,Lido,liquid_staking,lido
2022-07-28 00:00:00,7036221468,Lido,liquid_staking,lido
2022-07-29 00:00:00,7514351432,Lido,liquid_staking,lido
2022-07-30 00:00:00,7519984075,Lido,liquid_staking,lido
2022-07-31 00:00:00,7421914302,Lido,liquid_staking,lido
2022-08-01 00:00:00,7332208984,Lido,liquid_staking,lido
2022-08-02 00:00:00,7166254107,Lido,liquid_staking,lido
2022-08-03 00:00:00,6967295709,Lido,liquid_staking,lido
2022-08-04 00:00:00,7164465654,Lido,liquid_staking,lido
2022-08-05 00:00:00,7042199984,Lido,liquid_staking,lido
2022-08-06 00:00:00,7597604210,Lido,liquid_staking,lido
2022-08-07 00:00:00,7353034058,Lido,liquid_staking,lido
2022-08-08 00:00:00,7462437135,Lido,liquid_staking,lido
2022-08-09 00:00:00,7778249085,Lido,liquid_staking,lido
2022-08-10 00:00:00,7320949328,Lido,liquid_staking,lido
2022-08-11 00:00:00,8216727289,Lido,liquid_staking,lido
2022-08-12 00:00:00,8281475110,Lido,liquid_staking,lido
2022-08-13 00:00:00,8575456826,Lido,liquid_staking,lido
2022-08-14 00:00:00,8743865696,Lido,liquid_staking,lido
2022-08-15 00:00:00,8574273209,Lido,liquid_staking,lido
2022-08-16 00:00:00,8332835790,Lido,liquid_staking,lido
2022-08-17 00:00:00,8346242557,Lido,liquid_staking,lido
2022-08-18 00:00:00,8124104533,Lido,liquid_staking,lido
2022-08-19 00:00:00,8026214614,Lido,liquid_staking,lido
2022-08-20 00:00:00,7177379844,Lido,liquid_staking,lido
2022-08-21 00:00:00,6953288173,Lido,liquid_staking,lido
2022-08-22 00:00:00,7107710810,Lido,liquid_staking,lido
2022-08-23 00:00:00,7136494471,Lido,liquid_staking,lido
2022-08-24 00:00:00,7221021240,Lido,liquid_staking,lido
2022-08-25 00:00:00,7355750573,Lido,liquid_staking,lido
2022-08-26 00:00:00,7412282386,Lido,liquid_staking,lido
2022-08-27 00:00:00,6656172160,Lido,liquid_staking,lido
2022-08-28 00:00:00,6602312335,Lido,liquid_staking,lido
2022-08-29 00:00:00,6321823604,Lido,liquid_staking,lido
2022-08-30 00:00:00,6800958642,Lido,liquid_staking,lido
2022-08-31 00:00:00,6826349841,Lido,liquid_staking,lido
2022-09-01 00:00:00,6788495389,Lido,liquid_staking,lido
2022-09-02 00:00:00,6956941901,Lido,liquid_staking,lido
2022-09-03 00:00:00,6964664592,Lido,liquid_staking,lido
2022-09-04 00:00:00,6890989681,Lido,liquid_staking,lido
2022-09-05 00:00:00,6960908357,Lido,liquid_staking,lido
2022-09-06 00:00:00,7307764880,Lido,liquid_staking,lido
2022-09-07 00:00:00,6779710272,Lido,liquid_staking,lido
2022-09-08 00:00:00,7174881004,Lido,liquid_staking,lido
2022-09-09 00:00:00,7246058695,Lido,liquid_staking,lido
2022-09-10 00:00:00,7577008327,Lido,liquid_staking,lido
2022-09-11 00:00:00,7836801192,Lido,liquid_staking,lido
2022-09-12 00:00:00,7723269787,Lido,liquid_staking,lido
2022-09-13 00:00:00,7600990361,Lido,liquid_staking,lido
2022-09-14 00:00:00,6962239660,Lido,liquid_staking,lido
2022-09-15 00:00:00,7241352891,Lido,liquid_staking,lido
2022-09-16 00:00:00,6543087896,Lido,liquid_staking,lido
2022-09-17 00:00:00,6407712565,Lido,liquid_staking,lido
2022-09-18 00:00:00,6464727999,Lido,liquid_staking,lido
2022-09-19 00:00:00,5988159357,Lido,liquid_staking,lido
2022-09-20 00:00:00,6100922345,Lido,liquid_staking,lido
2022-09-21 00:00:00,5967551614,Lido,liquid_staking,lido
2022-09-22 00:00:00,5570634133,Lido,liquid_staking,lido
2022-09-23 00:00:00,5954843556,Lido,liquid_staking,lido
2022-09-24 00:00:00,5926674373,Lido,liquid_staking,lido
2022-09-25 00:00:00,5938835079,Lido,liquid_staking,lido
2022-09-26 00:00:00,5875016866,Lido,liquid_staking,lido
2022-09-27 00:00:00,6077935159,Lido,liquid_staking,lido
2022-09-28 00:00:00,6068803098,Lido,liquid_staking,lido
2022-09-29 00:00:00,6050701284,Lido,liquid_staking,lido
2022-09-30 00:00:00,6054258476,Lido,liquid_staking,lido
2022-10-01 00:00:00,6028799812,Lido,liquid_staking,lido
2022-10-02 00:00:00,5963070844,Lido,liquid_staking,lido
2022-10-03 00:00:00,5827759009,Lido,liquid_staking,lido
2022-10-04 00:00:00,6028385658,Lido,liquid_staking,lido
2022-10-05 00:00:00,6168139745,Lido,liquid_staking,lido
2022-10-06 00:00:00,6208059044,Lido,liquid_staking,lido
2022-10-07 00:00:00,6187567958,Lido,liquid_staking,lido
2022-10-08 00:00:00,6091152486,Lido,liquid_staking,lido
2022-10-09 00:00:00,6000948217,Lido,liquid_staking,lido
2022-10-10 00:00:00,6073998879,Lido,liquid_staking,lido
2022-10-11 00:00:00,5865086505,Lido,liquid_staking,lido
2022-10-12 00:00:00,5889584121,Lido,liquid_staking,lido
2022-10-13 00:00:00,5991392050,Lido,liquid_staking,lido
2022-10-14 00:00:00,5897564725,Lido,liquid_staking,lido
2022-10-15 00:00:00,5933377378,Lido,liquid_staking,lido
2022-10-16 00:00:00,5850489385,Lido,liquid_staking,lido
2022-10-17 00:00:00,5972254990,Lido,liquid_staking,lido
2022-10-18 00:00:00,6110460901,Lido,liquid_staking,lido
2022-10-19 00:00:00,5979875670,Lido,liquid_staking,lido
2022-10-20 00:00:00,5877232360,Lido,liquid_staking,lido
2022-10-21 00:00:00,5890087141,Lido,liquid_staking,lido
2022-10-22 00:00:00,6009014505,Lido,liquid_staking,lido
2022-10-23 00:00:00,6038833639,Lido,liquid_staking,lido
2022-10-24 00:00:00,6280910756,Lido,liquid_staking,lido
2022-10-25 00:00:00,6196801225,Lido,liquid_staking,lido
2022-10-26 00:00:00,6810434687,Lido,liquid_staking,lido
2022-10-27 00:00:00,7254349800,Lido,liquid_staking,lido
2022-10-28 00:00:00,7113693210,Lido,liquid_staking,lido
2022-10-29 00:00:00,7268928086,Lido,liquid_staking,lido
2022-10-30 00:00:00,7609382455,Lido,liquid_staking,lido
2022-10-31 00:00:00,7501819224,Lido,liquid_staking,lido
2022-11-01 00:00:00,7474286123,Lido,liquid_staking,lido
2022-11-02 00:00:00,7591802624,Lido,liquid_staking,lido
2022-11-03 00:00:00,7384757339,Lido,liquid_staking,lido
2022-11-04 00:00:00,7411328033,Lido,liquid_staking,lido
2022-11-05 00:00:00,7958186988,Lido,liquid_staking,lido
2022-11-06 00:00:00,7887740418,Lido,liquid_staking,lido
2022-11-07 00:00:00,7624889840,Lido,liquid_staking,lido
2022-11-08 00:00:00,7594177929,Lido,liquid_staking,lido
2022-11-09 00:00:00,6399103082,Lido,liquid_staking,lido
2022-11-10 00:00:00,5468354993,Lido,liquid_staking,lido
2022-11-11 00:00:00,6214169999,Lido,liquid_staking,lido
2022-11-12 00:00:00,6133909714,Lido,liquid_staking,lido
2022-11-13 00:00:00,6035233262,Lido,liquid_staking,lido
2022-11-14 00:00:00,5804399095,Lido,liquid_staking,lido
2022-11-15 00:00:00,5978998668,Lido,liquid_staking,lido
2022-11-16 00:00:00,6031112792,Lido,liquid_staking,lido
2022-11-17 00:00:00,5882952218,Lido,liquid_staking,lido
2022-11-18 00:00:00,5826362532,Lido,liquid_staking,lido
2022-11-19 00:00:00,5830238013,Lido,liquid_staking,lido
2022-11-20 00:00:00,5888825007,Lido,liquid_staking,lido
2022-11-21 00:00:00,5500653742,Lido,liquid_staking,lido
2022-11-22 00:00:00,5371790230,Lido,liquid_staking,lido
2022-11-23 00:00:00,5496181373,Lido,liquid_staking,lido
2022-11-24 00:00:00,5722361917,Lido,liquid_staking,lido
2022-11-25 00:00:00,5797427588,Lido,liquid_staking,lido
2022-11-26 00:00:00,5837284788,Lido,liquid_staking,lido
2022-11-27 00:00:00,5834590243,Lido,liquid_staking,lido
2022-11-28 00:00:00,5805209272,Lido,liquid_staking,lido
2022-11-29 00:00:00,5649099738,Lido,liquid_staking,lido
2022-11-30 00:00:00,6189278062,Lido,liquid_staking,lido
2022-12-01 00:00:00,6275577816,Lido,liquid_staking,lido
2022-12-02 00:00:00,6226843844,Lido,liquid_staking,lido
2022-12-03 00:00:00,6261320348,Lido,liquid_staking,lido
2022-12-04 00:00:00,6076854257,Lido,liquid_staking,lido
2022-12-05 00:00:00,6278000898,Lido,liquid_staking,lido
2022-12-06 00:00:00,6143950848,Lido,liquid_staking,lido
2022-12-07 00:00:00,6160919509,Lido,liquid_staking,lido
2022-12-08 00:00:00,5991080970,Lido,liquid_staking,lido
2022-12-09 00:00:00,6203167461,Lido,liquid_staking,lido
2022-12-10 00:00:00,6146347601,Lido,liquid_staking,lido
2022-12-11 00:00:00,6166249166,Lido,liquid_staking,lido
2022-12-12 00:00:00,6109663500,Lido,liquid_staking,lido
2022-12-13 00:00:00,6190291737,Lido,liquid_staking,lido
2022-12-14 00:00:00,6449735465,Lido,liquid_staking,lido
2022-12-15 00:00:00,6372157606,Lido,liquid_staking,lido
2022-12-16 00:00:00,6208809734,Lido,liquid_staking,lido
2022-12-17 00:00:00,5725216905,Lido,liquid_staking,lido
2022-12-18 00:00:00,5791000792,Lido,liquid_staking,lido
2022-12-19 00:00:00,5813017465,Lido,liquid_staking,lido
2022-12-20 00:00:00,5726797913,Lido,liquid_staking,lido
2022-12-21 00:00:00,5909156016,Lido,liquid_staking,lido
2022-12-22 00:00:00,5954880389,Lido,liquid_staking,lido
2022-12-23 00:00:00,5957193084,Lido,liquid_staking,lido
2022-12-24 00:00:00,5979812531,Lido,liquid_staking,lido
2022-12-25 00:00:00,5985090951,Lido,liquid_staking,lido
2022-12-26 00:00:00,5968719080,Lido,liquid_staking,lido
2022-12-27 00:00:00,6002289008,Lido,liquid_staking,lido
2022-12-28 00:00:00,5929278814,Lido,liquid_staking,lido
2022-12-29 00:00:00,5848598663,Lido,liquid_staking,lido
2022-12-30 00:00:00,5888326526,Lido,liquid_staking,lido
2022-12-31 00:00:00,5877772406,Lido,liquid_staking,lido
2023-01-01 00:00:00,5865784383,Lido,liquid_staking,lido
2023-01-02 00:00:00,5877675394,Lido,liquid_staking,lido
2023-01-03 00:00:00,5978870818,Lido,liquid_staking,lido
2023-01-04 00:00:00,5971446273,Lido,liquid_staking,lido
2023-01-05 00:00:00,6177010336,Lido,liquid_staking,lido
2023-01-06 00:00:00,6178432119,Lido,liquid_staking,lido
2023-01-07 00:00:00,6251891607,Lido,liquid_staking,lido
2023-01-08 00:00:00,6216768015,Lido,liquid_staking,lido
2023-01-09 00:00:00,6367278290,Lido,liquid_staking,lido
2023-01-10 00:00:00,6540307659,Lido,liquid_staking,lido
2023-01-11 00:00:00,6607654982,Lido,liquid_staking,lido
2023-01-12 00:00:00,6957810563,Lido,liquid_staking,lido
2023-01-13 00:00:00,6965692285,Lido,liquid_staking,lido
2023-01-14 00:00:00,7632798212,Lido,liquid_staking,lido
2023-01-15 00:00:00,7586496588,Lido,liquid_staking,lido
2023-01-16 00:00:00,7673741330,Lido,liquid_staking,lido
2023-01-17 00:00:00,7780131820,Lido,liquid_staking,lido
2023-01-18 00:00:00,7809191232,Lido,liquid_staking,lido
2023-01-19 00:00:00,7542156346,Lido,liquid_staking,lido
2023-01-20 00:00:00,7736681153,Lido,liquid_staking,lido
2023-01-21 00:00:00,8274947307,Lido,liquid_staking,lido
2023-01-22 00:00:00,8178015434,Lido,liquid_staking,lido
2023-01-23 00:00:00,8196166621,Lido,liquid_staking,lido
2023-01-24 00:00:00,8257377782,Lido,liquid_staking,lido
2023-01-25 00:00:00,7860942579,Lido,liquid_staking,lido
2023-01-26 00:00:00,8214929842,Lido,liquid_staking,lido
2023-01-27 00:00:00,8105353129,Lido,liquid_staking,lido
2023-01-28 00:00:00,8170358688,Lido,liquid_staking,lido
2023-01-29 00:00:00,8090291824,Lido,liquid_staking,lido
2023-01-30 00:00:00,8397851251,Lido,liquid_staking,lido
2023-01-31 00:00:00,8022423607,Lido,liquid_staking,lido
2023-02-01 00:00:00,8115827973,Lido,liquid_staking,lido
2023-02-02 00:00:00,8617130977,Lido,liquid_staking,lido
2023-02-03 00:00:00,8452819125,Lido,liquid_staking,lido
2023-02-04 00:00:00,8549030272,Lido,liquid_staking,lido
2023-02-05 00:00:00,8562793255,Lido,liquid_staking,lido
2023-02-06 00:00:00,8447541188,Lido,liquid_staking,lido
2023-02-07 00:00:00,8366392538,Lido,liquid_staking,lido
2023-02-08 00:00:00,8690052411,Lido,liquid_staking,lido
2023-02-09 00:00:00,8542928906,Lido,liquid_staking,lido
2023-02-10 00:00:00,8023060718,Lido,liquid_staking,lido
2023-02-11 00:00:00,7859431410,Lido,liquid_staking,lido
2023-02-12 00:00:00,7987098943,Lido,liquid_staking,lido
2023-02-13 00:00:00,7878311523,Lido,liquid_staking,lido
2023-02-14 00:00:00,7828716249,Lido,liquid_staking,lido
2023-02-15 00:00:00,8094204866,Lido,liquid_staking,lido
2023-02-16 00:00:00,8828021852,Lido,liquid_staking,lido
2023-02-17 00:00:00,8670649255,Lido,liquid_staking,lido
2023-02-18 00:00:00,8921567312,Lido,liquid_staking,lido
2023-02-19 00:00:00,8938626175,Lido,liquid_staking,lido
2023-02-20 00:00:00,8856689609,Lido,liquid_staking,lido
2023-02-21 00:00:00,9034278122,Lido,liquid_staking,lido
2023-02-22 00:00:00,8796116232,Lido,liquid_staking,lido
2023-02-23 00:00:00,8716993448,Lido,liquid_staking,lido
2023-02-24 00:00:00,8763753873,Lido,liquid_staking,lido
2023-02-25 00:00:00,8534063544,Lido,liquid_staking,lido
2023-02-26 00:00:00,8785443412,Lido,liquid_staking,lido
2023-02-27 00:00:00,9147403554,Lido,liquid_staking,lido
2023-02-28 00:00:00,9369689599,Lido,liquid_staking,lido
2023-03-01 00:00:00,9296825148,Lido,liquid_staking,lido
2023-03-02 00:00:00,9620593714,Lido,liquid_staking,lido
2023-03-03 00:00:00,9557902329,Lido,liquid_staking,lido
2023-03-04 00:00:00,9153048248,Lido,liquid_staking,lido
2023-03-05 00:00:00,9137117452,Lido,liquid_staking,lido
2023-03-06 00:00:00,9147314197,Lido,liquid_staking,lido
2023-03-07 00:00:00,9127026748,Lido,liquid_staking,lido
2023-03-08 00:00:00,9173596299,Lido,liquid_staking,lido
2023-03-09 00:00:00,8969852117,Lido,liquid_staking,lido
2023-03-10 00:00:00,8374692207,Lido,liquid_staking,lido
2023-03-11 00:00:00,8448997878,Lido,liquid_staking,lido
2023-03-12 00:00:00,8622372276,Lido,liquid_staking,lido
2023-03-13 00:00:00,9520656812,Lido,liquid_staking,lido
2023-03-14 00:00:00,9891676011,Lido,liquid_staking,lido
2023-03-15 00:00:00,10064792571,Lido,liquid_staking,lido
2023-03-16 00:00:00,9788876042,Lido,liquid_staking,lido
2023-03-17 00:00:00,9900397520,Lido,liquid_staking,lido
2023-03-18 00:00:00,10655292075,Lido,liquid_staking,lido
2023-03-19 00:00:00,10571024285,Lido,liquid_staking,lido
2023-03-20 00:00:00,10585485878,Lido,liquid_staking,lido
2023-03-21 00:00:00,10481967474,Lido,liquid_staking,lido
2023-03-22 00:00:00,10692277198,Lido,liquid_staking,lido
2023-03-23 00:00:00,10415577735,Lido,liquid_staking,lido
2023-03-24 00:00:00,10782514766,Lido,liquid_staking,lido
2023-03-25 00:00:00,10512456268,Lido,liquid_staking,lido
2023-03-26 00:00:00,10462997085,Lido,liquid_staking,lido
2023-03-27 00:00:00,10626234935,Lido,liquid_staking,lido
2023-03-28 00:00:00,10517427391,Lido,liquid_staking,lido
2023-03-29 00:00:00,10613089441,Lido,liquid_staking,lido
2023-03-30 00:00:00,10731866826,Lido,liquid_staking,lido
2023-03-31 00:00:00,10815594771,Lido,liquid_staking,lido
2023-04-01 00:00:00,10922627300,Lido,liquid_staking,lido
2023-04-02 00:00:00,10886658031,Lido,liquid_staking,lido
2023-04-03 00:00:00,10737547005,Lido,liquid_staking,lido
2023-04-04 00:00:00,10843923673,Lido,liquid_staking,lido
2023-04-05 00:00:00,11425885344,Lido,liquid_staking,lido
2023-04-06 00:00:00,11410804306,Lido,liquid_staking,lido
2023-04-07 00:00:00,11306862801,Lido,liquid_staking,lido
2023-04-08 00:00:00,11169270827,Lido,liquid_staking,lido
2023-04-09 00:00:00,11174909539,Lido,liquid_staking,lido
2023-04-10 00:00:00,11210286648,Lido,liquid_staking,lido
2023-04-11 00:00:00,11514657448,Lido,liquid_staking,lido
2023-04-12 00:00:00,11415894400,Lido,liquid_staking,lido
2023-04-13 00:00:00,11519570041,Lido,liquid_staking,lido
2023-04-14 00:00:00,12679153302,Lido,liquid_staking,lido
2023-04-15 00:00:00,12661382654,Lido,liquid_staking,lido
2023-04-16 00:00:00,12713971704,Lido,liquid_staking,lido
2023-04-17 00:00:00,12711652053,Lido,liquid_staking,lido
2023-04-18 00:00:00,12670156316,Lido,liquid_staking,lido
2023-04-19 00:00:00,12866240351,Lido,liquid_staking,lido
2023-04-20 00:00:00,11965670376,Lido,liquid_staking,lido
2023-04-21 00:00:00,12036087665,Lido,liquid_staking,lido
2023-04-22 00:00:00,11408312026,Lido,liquid_staking,lido
2023-04-23 00:00:00,11523294153,Lido,liquid_staking,lido
2023-04-24 00:00:00,11562133755,Lido,liquid_staking,lido
2023-04-25 00:00:00,11451796785,Lido,liquid_staking,lido
2023-04-26 00:00:00,11663921340,Lido,liquid_staking,lido
2023-04-27 00:00:00,12026426601,Lido,liquid_staking,lido
2023-04-28 00:00:00,11926934833,Lido,liquid_staking,lido
2023-04-29 00:00:00,11866400136,Lido,liquid_staking,lido
2023-04-30 00:00:00,11969869690,Lido,liquid_staking,lido
2023-05-01 00:00:00,11862722689,Lido,liquid_staking,lido
2023-05-02 00:00:00,11554574210,Lido,liquid_staking,lido
2023-05-03 00:00:00,11807514210,Lido,liquid_staking,lido
2023-05-04 00:00:00,12146280670,Lido,liquid_staking,lido
2023-05-05 00:00:00,12010112399,Lido,liquid_staking,lido
2023-05-06 00:00:00,12820678837,Lido,liquid_staking,lido
2023-05-07 00:00:00,12231194803,Lido,liquid_staking,lido
2023-05-08 00:00:00,12093641806,Lido,liquid_staking,lido
2023-05-09 00:00:00,11964929826,Lido,liquid_staking,lido
2023-05-10 00:00:00,12061916616,Lido,liquid_staking,lido
2023-05-11 00:00:00,12020341153,Lido,liquid_staking,lido
2023-05-12 00:00:00,11857648505,Lido,liquid_staking,lido
2023-05-13 00:00:00,12094459159,Lido,liquid_staking,lido
2023-05-14 00:00:00,12086630471,Lido,liquid_staking,lido
2023-05-15 00:00:00,12050111288,Lido,liquid_staking,lido
2023-05-16 00:00:00,12336485682,Lido,liquid_staking,lido
2023-05-17 00:00:00,12428309490,Lido,liquid_staking,lido
2023-05-18 00:00:00,11676220680,Lido,liquid_staking,lido
2023-05-19 00:00:00,11659889154,Lido,liquid_staking,lido
2023-05-20 00:00:00,11761640910,Lido,liquid_staking,lido
2023-05-21 00:00:00,11932759672,Lido,liquid_staking,lido
2023-05-22 00:00:00,11859851377,Lido,liquid_staking,lido
2023-05-23 00:00:00,12038781498,Lido,liquid_staking,lido
2023-05-24 00:00:00,12483581476,Lido,liquid_staking,lido
2023-05-25 00:00:00,12152063015,Lido,liquid_staking,lido
2023-05-26 00:00:00,12261662791,Lido,liquid_staking,lido
2023-05-27 00:00:00,12525164678,Lido,liquid_staking,lido
2023-05-28 00:00:00,12699895191,Lido,liquid_staking,lido
2023-05-29 00:00:00,13265641840,Lido,liquid_staking,lido
2023-05-30 00:00:00,13128479176,Lido,liquid_staking,lido
2023-05-31 00:00:00,13320264442,Lido,liquid_staking,lido
2023-06-01 00:00:00,13186075636,Lido,liquid_staking,lido
2023-06-02 00:00:00,13213209957,Lido,liquid_staking,lido
2023-06-03 00:00:00,13581630491,Lido,liquid_staking,lido
2023-06-04 00:00:00,13534596887,Lido,liquid_staking,lido
2023-06-05 00:00:00,13499806835,Lido,liquid_staking,lido
2023-06-06 00:00:00,12994647709,Lido,liquid_staking,lido
2023-06-07 00:00:00,13608689123,Lido,liquid_staking,lido
2023-06-08 00:00:00,13279517051,Lido,liquid_staking,lido
2023-06-09 00:00:00,13374801947,Lido,liquid_staking,lido
2023-06-10 00:00:00,13298497149,Lido,liquid_staking,lido
2023-06-11 00:00:00,12658806802,Lido,liquid_staking,lido
2023-06-12 00:00:00,12664068776,Lido,liquid_staking,lido
2023-06-13 00:00:00,12565609249,Lido,liquid_staking,lido
2023-06-14 00:00:00,12659197483,Lido,liquid_staking,lido
2023-06-15 00:00:00,12659197483,Lido,liquid_staking,lido
2023-06-16 00:00:00,12748691975,Lido,liquid_staking,lido
2023-06-17 00:00:00,12748691975,Lido,liquid_staking,lido
2023-06-18 00:00:00,12623114008,Lido,liquid_staking,lido
2023-06-19 00:00:00,12619107113,Lido,liquid_staking,lido
2023-06-20 00:00:00,12830378845,Lido,liquid_staking,lido
2023-06-21 00:00:00,13261343754,Lido,liquid_staking,lido
2023-06-22 00:00:00,14181059656,Lido,liquid_staking,lido
2023-06-23 00:00:00,13959826701,Lido,liquid_staking,lido
2023-06-24 00:00:00,14054834324,Lido,liquid_staking,lido
2023-06-25 00:00:00,13986640824,Lido,liquid_staking,lido
2023-06-26 00:00:00,14157655736,Lido,liquid_staking,lido
2023-06-27 00:00:00,13964783717,Lido,liquid_staking,lido
2023-06-28 00:00:00,14050708812,Lido,liquid_staking,lido
2023-06-29 00:00:00,13758006694,Lido,liquid_staking,lido
2023-06-30 00:00:00,13951078500,Lido,liquid_staking,lido
2023-07-01 00:00:00,14635473026,Lido,liquid_staking,lido
2023-07-02 00:00:00,14618052475,Lido,liquid_staking,lido
2023-07-03 00:00:00,14753808923,Lido,liquid_staking,lido
2023-07-04 00:00:00,14903732389,Lido,liquid_staking,lido
2023-07-05 00:00:00,14785171275,Lido,liquid_staking,lido
2023-07-06 00:00:00,14537272522,Lido,liquid_staking,lido
2023-07-07 00:00:00,14136026935,Lido,liquid_staking,lido
2023-07-08 00:00:00,14373006487,Lido,liquid_staking,lido
2023-07-09 00:00:00,14355126150,Lido,liquid_staking,lido
2023-07-10 00:00:00,14328936409,Lido,liquid_staking,lido
2023-07-11 00:00:00,14468614213,Lido,liquid_staking,lido
2023-07-12 00:00:00,14501856695,Lido,liquid_staking,lido
2023-07-13 00:00:00,14523842175,Lido,liquid_staking,lido
2023-07-14 00:00:00,15702768872,Lido,liquid_staking,lido
2023-07-15 00:00:00,15102160467,Lido,liquid_staking,lido
2023-07-16 00:00:00,15137251266,Lido,liquid_staking,lido
2023-07-17 00:00:00,15058473484,Lido,liquid_staking,lido
2023-07-18 00:00:00,15005023017,Lido,liquid_staking,lido
2023-07-19 00:00:00,14967740891,Lido,liquid_staking,lido
2023-07-20 00:00:00,14843258799,Lido,liquid_staking,lido
2023-07-21 00:00:00,14860776832,Lido,liquid_staking,lido
2023-07-22 00:00:00,14907017459,Lido,liquid_staking,lido
2023-07-23 00:00:00,14652662515,Lido,liquid_staking,lido
2023-07-24 00:00:00,14917151372,Lido,liquid_staking,lido
2023-07-25 00:00:00,14636086245,Lido,liquid_staking,lido
2023-07-26 00:00:00,14721066651,Lido,liquid_staking,lido
2023-07-27 00:00:00,14837123633,Lido,liquid_staking,lido
2023-07-28 00:00:00,14832020828,Lido,liquid_staking,lido
2023-07-29 00:00:00,14966842576,Lido,liquid_staking,lido
2023-07-30 00:00:00,15041003840,Lido,liquid_staking,lido
2023-07-31 00:00:00,15009087732,Lido,liquid_staking,lido
2023-08-01 00:00:00,14948825222,Lido,liquid_staking,lido
2023-08-02 00:00:00,14995249670,Lido,liquid_staking,lido
2023-08-03 00:00:00,14794566483,Lido,liquid_staking,lido
2023-08-04 00:00:00,14769826320,Lido,liquid_staking,lido
2023-08-05 00:00:00,14771520320,Lido,liquid_staking,lido
2023-08-06 00:00:00,14804465591,Lido,liquid_staking,lido
2023-08-07 00:00:00,14749835989,Lido,liquid_staking,lido
2023-08-08 00:00:00,14792749824,Lido,liquid_staking,lido
2023-08-09 00:00:00,15019361315,Lido,liquid_staking,lido
2023-08-10 00:00:00,15020386163,Lido,liquid_staking,lido
2023-08-11 00:00:00,15054618397,Lido,liquid_staking,lido
2023-08-12 00:00:00,15093337060,Lido,liquid_staking,lido
2023-08-13 00:00:00,15119680283,Lido,liquid_staking,lido
2023-08-14 00:00:00,15061323935,Lido,liquid_staking,lido
2023-08-15 00:00:00,15122349121,Lido,liquid_staking,lido
2023-08-16 00:00:00,15024942432,Lido,liquid_staking,lido
2023-08-17 00:00:00,14736689562,Lido,liquid_staking,lido
2023-08-18 00:00:00,13952101446,Lido,liquid_staking,lido
2023-08-19 00:00:00,13781757091,Lido,liquid_staking,lido
2023-08-20 00:00:00,13869936895,Lido,liquid_staking,lido
2023-08-21 00:00:00,13953283644,Lido,liquid_staking,lido
2023-08-22 00:00:00,13911579924,Lido,liquid_staking,lido
2023-08-23 00:00:00,13721661318,Lido,liquid_staking,lido
2023-08-24 00:00:00,14174833566,Lido,liquid_staking,lido
2023-08-25 00:00:00,14008061745,Lido,liquid_staking,lido
2023-08-26 00:00:00,13960004405,Lido,liquid_staking,lido
2023-08-27 00:00:00,13945644933,Lido,liquid_staking,lido
2023-08-28 00:00:00,14050995724,Lido,liquid_staking,lido
2023-08-29 00:00:00,14120269928,Lido,liquid_staking,lido
2023-08-30 00:00:00,14875506624,Lido,liquid_staking,lido
2023-08-31 00:00:00,14687616085,Lido,liquid_staking,lido
2023-09-01 00:00:00,14214115207,Lido,liquid_staking,lido
2023-09-02 00:00:00,14070700565,Lido,liquid_staking,lido
2023-09-03 00:00:00,14091118194,Lido,liquid_staking,lido
2023-09-04 00:00:00,14066324892,Lido,liquid_staking,lido
2023-09-05 00:00:00,14033622762,Lido,liquid_staking,lido
2023-09-06 00:00:00,14135866825,Lido,liquid_staking,lido
2023-09-07 00:00:00,14139557452,Lido,liquid_staking,lido
2023-09-08 00:00:00,14295779260,Lido,liquid_staking,lido
2023-09-09 00:00:00,14174578650,Lido,liquid_staking,lido
2023-09-10 00:00:00,14156014355,Lido,liquid_staking,lido
2023-09-11 00:00:00,14039589319,Lido,liquid_staking,lido
2023-09-12 00:00:00,13521924580,Lido,liquid_staking,lido
2023-09-13 00:00:00,13877754211,Lido,liquid_staking,lido
2023-09-14 00:00:00,13981684198,Lido,liquid_staking,lido
2023-09-15 00:00:00,14159981628,Lido,liquid_staking,lido
2023-09-16 00:00:00,14374482463,Lido,liquid_staking,lido
2023-09-17 00:00:00,14197370777,Lido,liquid_staking,lido
2023-09-18 00:00:00,14114247897,Lido,liquid_staking,lido
2023-09-19 00:00:00,14290920992,Lido,liquid_staking,lido
2023-09-20 00:00:00,14395790735,Lido,liquid_staking,lido
2023-09-21 00:00:00,14233920760,Lido,liquid_staking,lido
2023-09-22 00:00:00,13915328318,Lido,liquid_staking,lido
2023-09-23 00:00:00,14049287880,Lido,liquid_staking,lido
2023-09-24 00:00:00,14029510174,Lido,liquid_staking,lido
2023-09-25 00:00:00,13860335259,Lido,liquid_staking,lido
2023-09-26 00:00:00,13981409106,Lido,liquid_staking,lido
2023-09-27 00:00:00,14035074429,Lido,liquid_staking,lido
2023-09-28 00:00:00,14129637730,Lido,liquid_staking,lido
2023-09-29 00:00:00,14625611622,Lido,liquid_staking,lido
2023-09-30 00:00:00,14758254437,Lido,liquid_staking,lido
2023-10-01 00:00:00,14855335923,Lido,liquid_staking,lido
2023-10-02 00:00:00,15337824048,Lido,liquid_staking,lido
2023-10-03 00:00:00,14766535283,Lido,liquid_staking,lido
2023-10-04 00:00:00,14629015965,Lido,liquid_staking,lido
2023-10-05 00:00:00,14647885045,Lido,liquid_staking,lido
2023-10-06 00:00:00,14397217191,Lido,liquid_staking,lido
2023-10-07 00:00:00,14646932763,Lido,liquid_staking,lido
2023-10-08 00:00:00,14535946314,Lido,liquid_staking,lido
2023-10-09 00:00:00,14549809854,Lido,liquid_staking,lido
2023-10-10 00:00:00,14100544991,Lido,liquid_staking,lido
2023-10-11 00:00:00,13901118413,Lido,liquid_staking,lido
2023-10-12 00:00:00,13898495823,Lido,liquid_staking,lido
2023-10-13 00:00:00,13726279754,Lido,liquid_staking,lido
2023-10-14 00:00:00,13818388474,Lido,liquid_staking,lido
2023-10-15 00:00:00,13836524177,Lido,liquid_staking,lido
2023-10-16 00:00:00,13854541047,Lido,liquid_staking,lido
2023-10-17 00:00:00,14259747155,Lido,liquid_staking,lido
2023-10-18 00:00:00,13939930131,Lido,liquid_staking,lido
2023-10-19 00:00:00,13936871415,Lido,liquid_staking,lido
2023-10-20 00:00:00,13954548987,Lido,liquid_staking,lido
2023-10-21 00:00:00,14302646422,Lido,liquid_staking,lido
2023-10-22 00:00:00,14584836718,Lido,liquid_staking,lido
2023-10-23 00:00:00,14820927134,Lido,liquid_staking,lido
2023-10-24 00:00:00,15839864584,Lido,liquid_staking,lido
2023-10-25 00:00:00,15773371295,Lido,liquid_staking,lido
2023-10-26 00:00:00,15898100727,Lido,liquid_staking,lido
2023-10-27 00:00:00,15965292483,Lido,liquid_staking,lido
2023-10-28 00:00:00,15815256493,Lido,liquid_staking,lido
2023-10-29 00:00:00,15764172804,Lido,liquid_staking,lido
2023-10-30 00:00:00,15963129244,Lido,liquid_staking,lido
2023-10-31 00:00:00,16306961418,Lido,liquid_staking,lido
2023-11-01 00:00:00,16201928397,Lido,liquid_staking,lido
2023-11-02 00:00:00,16466391784,Lido,liquid_staking,lido
2023-11-03 00:00:00,16391026801,Lido,liquid_staking,lido
2023-11-04 00:00:00,16482794639,Lido,liquid_staking,lido
2023-11-05 00:00:00,16978112256,Lido,liquid_staking,lido
2023-11-06 00:00:00,17091136315,Lido,liquid_staking,lido
2023-11-07 00:00:00,16945073276,Lido,liquid_staking,lido
2023-11-08 00:00:00,17086595532,Lido,liquid_staking,lido
2023-11-09 00:00:00,17310832823,Lido,liquid_staking,lido
2023-11-10 00:00:00,18954686142,Lido,liquid_staking,lido
2023-11-11 00:00:00,18682568282,Lido,liquid_staking,lido
2023-11-12 00:00:00,18579274517,Lido,liquid_staking,lido
2023-11-13 00:00:00,18643119720,Lido,liquid_staking,lido
2023-11-14 00:00:00,18469180601,Lido,liquid_staking,lido
2023-11-15 00:00:00,18190306894,Lido,liquid_staking,lido
2023-11-16 00:00:00,18505458842,Lido,liquid_staking,lido
2023-11-17 00:00:00,17823214548,Lido,liquid_staking,lido
2023-11-18 00:00:00,17549241321,Lido,liquid_staking,lido
2023-11-19 00:00:00,17793180107,Lido,liquid_staking,lido
2023-11-20 00:00:00,18507484832,Lido,liquid_staking,lido
2023-11-21 00:00:00,18327786533,Lido,liquid_staking,lido
2023-11-22 00:00:00,18465548894,Lido,liquid_staking,lido
2023-11-23 00:00:00,18976798491,Lido,liquid_staking,lido
2023-11-24 00:00:00,19519463230,Lido,liquid_staking,lido
2023-11-25 00:00:00,19232545059,Lido,liquid_staking,lido
2023-11-26 00:00:00,19394338929,Lido,liquid_staking,lido
2023-11-27 00:00:00,18811997451,Lido,liquid_staking,lido
2023-11-28 00:00:00,18827650342,Lido,liquid_staking,lido
2023-11-29 00:00:00,19130877796,Lido,liquid_staking,lido
2023-11-30 00:00:00,18989258739,Lido,liquid_staking,lido
2023-12-01 00:00:00,19580790056,Lido,liquid_staking,lido
2023-12-02 00:00:00,19692269706,Lido,liquid_staking,lido
2023-12-03 00:00:00,20288333559,Lido,liquid_staking,lido
2023-12-04 00:00:00,21029960298,Lido,liquid_staking,lido
2023-12-05 00:00:00,20649515030,Lido,liquid_staking,lido
2023-12-06 00:00:00,21331001450,Lido,liquid_staking,lido
2023-12-07 00:00:00,20877082092,Lido,liquid_staking,lido
2023-12-08 00:00:00,21948528820,Lido,liquid_staking,lido
2023-12-09 00:00:00,21959468720,Lido,liquid_staking,lido
2023-12-10 00:00:00,21802994563,Lido,liquid_staking,lido
2023-12-11 00:00:00,20898098230,Lido,liquid_staking,lido
2023-12-12 00:00:00,20638101676,Lido,liquid_staking,lido
2023-12-13 00:00:00,20216591081,Lido,liquid_staking,lido
2023-12-14 00:00:00,21275160925,Lido,liquid_staking,lido
2023-12-15 00:00:00,21102822948,Lido,liquid_staking,lido
2023-12-16 00:00:00,20835168526,Lido,liquid_staking,lido
2023-12-17 00:00:00,20548834635,Lido,liquid_staking,lido
2023-12-18 00:00:00,19715918971,Lido,liquid_staking,lido
2023-12-19 00:00:00,20953205333,Lido,liquid_staking,lido
2023-12-20 00:00:00,20414245225,Lido,liquid_staking,lido
2023-12-21 00:00:00,20595670089,Lido,liquid_staking,lido
2023-12-22 00:00:00,21300697580,Lido,liquid_staking,lido
2023-12-23 00:00:00,21231078538,Lido,liquid_staking,lido
2023-12-24 00:00:00,21179534179,Lido,liquid_staking,lido
2023-12-25 00:00:00,20854931920,Lido,liquid_staking,lido
2023-12-26 00:00:00,20420437750,Lido,liquid_staking,lido
2023-12-27 00:00:00,20614965165,Lido,liquid_staking,lido
2023-12-28 00:00:00,22087788382,Lido,liquid_staking,lido
2023-12-29 00:00:00,21803585147,Lido,liquid_staking,lido
2023-12-30 00:00:00,21143871129,Lido,liquid_staking,lido
2023-12-31 00:00:00,21439380980,Lido,liquid_staking,lido
2024-01-01 00:00:00,21373948242,Lido,liquid_staking,lido
2024-01-02 00:00:00,22389928473,Lido,liquid_staking,lido
2024-01-03 00:00:00,22162193305,Lido,liquid_staking,lido
2024-01-04 00:00:00,20638462604,Lido,liquid_staking,lido
2024-01-05 00:00:00,21029057517,Lido,liquid_staking,lido
2024-01-06 00:00:00,20820181419,Lido,liquid_staking,lido
2024-01-07 00:00:00,20804825994,Lido,liquid_staking,lido
2024-01-08 00:00:00,20691353367,Lido,liquid_staking,lido
2024-01-09 00:00:00,21239757026,Lido,liquid_staking,lido
2024-01-10 00:00:00,22623810399,Lido,liquid_staking,lido
2024-01-11 00:00:00,24775778019,Lido,liquid_staking,lido
2024-01-12 00:00:00,24609756907,Lido,liquid_staking,lido
2024-01-13 00:00:00,23715374940,Lido,liquid_staking,lido
2024-01-14 00:00:00,23949880390,Lido,liquid_staking,lido
2024-01-15 00:00:00,23775704642,Lido,liquid_staking,lido
2024-01-16 00:00:00,23768163948,Lido,liquid_staking,lido
2024-01-17 00:00:00,23767514937,Lido,liquid_staking,lido
2024-01-18 00:00:00,23657190172,Lido,liquid_staking,lido
2024-01-19 00:00:00,23372917350,Lido,liquid_staking,lido
2024-01-20 00:00:00,23175971359,Lido,liquid_staking,lido
2024-01-21 00:00:00,23235261397,Lido,liquid_staking,lido
2024-01-22 00:00:00,22361621728,Lido,liquid_staking,lido
2024-01-23 00:00:00,20961483686,Lido,liquid_staking,lido
2024-01-24 00:00:00,21199716485,Lido,liquid_staking,lido
2024-01-25 00:00:00,20905164760,Lido,liquid_staking,lido
2024-01-26 00:00:00,21239365069,Lido,liquid_staking,lido
2024-01-27 00:00:00,21326349338,Lido,liquid_staking,lido
2024-01-28 00:00:00,21600788468,Lido,liquid_staking,lido
2024-01-29 00:00:00,21408839842,Lido,liquid_staking,lido
2024-01-30 00:00:00,21865158723,Lido,liquid_staking,lido
2024-01-31 00:00:00,21691562309,Lido,liquid_staking,lido
2024-02-01 00:00:00,21495539729,Lido,liquid_staking,lido
2024-02-02 00:00:00,22017698740,Lido,liquid_staking,lido
2024-02-03 00:00:00,22062151002,Lido,liquid_staking,lido
2024-02-04 00:00:00,21969031353,Lido,liquid_staking,lido
2024-02-05 00:00:00,22201593586,Lido,liquid_staking,lido
2024-02-06 00:00:00,22222462618,Lido,liquid_staking,lido
2024-02-07 00:00:00,22570978126,Lido,liquid_staking,lido
2024-02-08 00:00:00,23272659130,Lido,liquid_staking,lido
2024-02-09 00:00:00,23819885882,Lido,liquid_staking,lido
2024-02-10 00:00:00,23970134012,Lido,liquid_staking,lido
2024-02-11 00:00:00,24363525270,Lido,liquid_staking,lido
2024-02-12 00:00:00,24000159813,Lido,liquid_staking,lido
2024-02-13 00:00:00,25695718025,Lido,liquid_staking,lido
2024-02-14 00:00:00,26681482527,Lido,liquid_staking,lido
2024-02-15 00:00:00,27309904622,Lido,liquid_staking,lido
2024-02-16 00:00:00,27729975845,Lido,liquid_staking,lido
2024-02-17 00:00:00,27250752381,Lido,liquid_staking,lido
2024-02-18 00:00:00,27592849919,Lido,liquid_staking,lido
2024-02-19 00:00:00,28590904790,Lido,liquid_staking,lido
2024-02-20 00:00:00,28596157764,Lido,liquid_staking,lido
2024-02-21 00:00:00,28573359818,Lido,liquid_staking,lido
2024-02-22 00:00:00,29255801847,Lido,liquid_staking,lido
2024-02-23 00:00:00,29083209519,Lido,liquid_staking,lido
2024-02-24 00:00:00,29352938741,Lido,liquid_staking,lido
2024-02-25 00:00:00,29765721779,Lido,liquid_staking,lido
2024-02-26 00:00:00,30192952043,Lido,liquid_staking,lido
2024-02-27 00:00:00,32151806830,Lido,liquid_staking,lido
2024-02-28 00:00:00,32956243612,Lido,liquid_staking,lido
2024-02-29 00:00:00,34471170343,Lido,liquid_staking,lido
2024-03-01 00:00:00,33856353045,Lido,liquid_staking,lido
2024-03-02 00:00:00,33676062555,Lido,liquid_staking,lido
2024-03-03 00:00:00,33654309879,Lido,liquid_staking,lido
2024-03-04 00:00:00,34579559522,Lido,liquid_staking,lido
2024-03-05 00:00:00,36890064680,Lido,liquid_staking,lido
2024-03-06 00:00:00,38029548131,Lido,liquid_staking,lido
2024-03-07 00:00:00,37566475300,Lido,liquid_staking,lido
2024-03-08 00:00:00,38973097399,Lido,liquid_staking,lido
2024-03-09 00:00:00,38782184813,Lido,liquid_staking,lido
2024-03-10 00:00:00,39075696233,Lido,liquid_staking,lido
2024-03-11 00:00:00,39894470648,Lido,liquid_staking,lido
2024-03-12 00:00:00,39773410851,Lido,liquid_staking,lido
2024-03-13 00:00:00,40166366166,Lido,liquid_staking,lido
2024-03-14 00:00:00,39113924177,Lido,liquid_staking,lido
2024-03-15 00:00:00,38410537211,Lido,liquid_staking,lido
2024-03-16 00:00:00,37222495938,Lido,liquid_staking,lido
2024-03-17 00:00:00,34871200857,Lido,liquid_staking,lido
2024-03-18 00:00:00,35583205198,Lido,liquid_staking,lido
2024-03-19 00:00:00,34584367357,Lido,liquid_staking,lido
2024-03-20 00:00:00,31341635834,Lido,liquid_staking,lido
2024-03-21 00:00:00,34655417262,Lido,liquid_staking,lido
2024-03-22 00:00:00,34386569238,Lido,liquid_staking,lido
2024-03-23 00:00:00,32672576578,Lido,liquid_staking,lido
2024-03-24 00:00:00,32895477965,Lido,liquid_staking,lido
2024-03-25 00:00:00,33742922378,Lido,liquid_staking,lido
2024-03-26 00:00:00,35168489397,Lido,liquid_staking,lido
2024-03-27 00:00:00,34998655460,Lido,liquid_staking,lido
2024-03-28 00:00:00,34115167499,Lido,liquid_staking,lido
2024-03-29 00:00:00,34731970105,Lido,liquid_staking,lido
2024-03-30 00:00:00,34225204264,Lido,liquid_staking,lido
2024-03-31 00:00:00,34146351588,Lido,liquid_staking,lido
2024-04-01 00:00:00,35364279318,Lido,liquid_staking,lido
2024-04-02 00:00:00,33911638933,Lido,liquid_staking,lido
2024-04-03 00:00:00,31435308653,Lido,liquid_staking,lido
2024-04-04 00:00:00,31799605014,Lido,liquid_staking,lido
2024-04-05 00:00:00,31787123597,Lido,liquid_staking,lido
2024-04-06 00:00:00,31916194901,Lido,liquid_staking,lido
2024-04-07 00:00:00,32201264034,Lido,liquid_staking,lido
2024-04-08 00:00:00,32677916889,Lido,liquid_staking,lido
2024-04-09 00:00:00,35316854023,Lido,liquid_staking,lido
2024-04-10 00:00:00,33534602536,Lido,liquid_staking,lido
2024-04-11 00:00:00,33254541423,Lido,liquid_staking,lido
2024-04-12 00:00:00,33152124654,Lido,liquid_staking,lido
2024-04-13 00:00:00,30431414219,Lido,liquid_staking,lido
2024-04-14 00:00:00,27656598384,Lido,liquid_staking,lido
2024-04-15 00:00:00,28846473466,Lido,liquid_staking,lido
2024-04-16 00:00:00,29239640244,Lido,liquid_staking,lido
2024-04-17 00:00:00,29084866926,Lido,liquid_staking,lido
2024-04-18 00:00:00,28207455597,Lido,liquid_staking,lido
2024-04-19 00:00:00,28789243984,Lido,liquid_staking,lido
2024-04-20 00:00:00,28976699752,Lido,liquid_staking,lido
2024-04-21 00:00:00,29539456458,Lido,liquid_staking,lido
2024-04-22 00:00:00,29530677241,Lido,liquid_staking,lido
2024-04-23 00:00:00,30154858878,Lido,liquid_staking,lido
2024-04-24 00:00:00,30048783130,Lido,liquid_staking,lido
2024-04-25 00:00:00,29490952687,Lido,liquid_staking,lido
2024-04-26 00:00:00,29790195286,Lido,liquid_staking,lido
2024-04-27 00:00:00,29421686981,Lido,liquid_staking,lido
2024-04-28 00:00:00,30448779049,Lido,liquid_staking,lido
2024-04-29 00:00:00,30960637333,Lido,liquid_staking,lido
2024-04-30 00:00:00,30141577695,Lido,liquid_staking,lido
2024-05-01 00:00:00,28106092971,Lido,liquid_staking,lido
2024-05-02 00:00:00,27843013292,Lido,liquid_staking,lido
2024-05-03 00:00:00,28111786878,Lido,liquid_staking,lido
2024-05-04 00:00:00,29186307371,Lido,liquid_staking,lido
2024-05-05 00:00:00,29243052623,Lido,liquid_staking,lido
2024-05-06 00:00:00,29434973139,Lido,liquid_staking,lido
2024-05-07 00:00:00,28976851756,Lido,liquid_staking,lido
2024-05-08 00:00:00,28606102207,Lido,liquid_staking,lido
2024-05-09 00:00:00,27916439525,Lido,liquid_staking,lido
2024-05-10 00:00:00,28391470109,Lido,liquid_staking,lido
2024-05-11 00:00:00,27315884494,Lido,liquid_staking,lido
2024-05-12 00:00:00,27438816479,Lido,liquid_staking,lido
2024-05-13 00:00:00,27536833000,Lido,liquid_staking,lido
2024-05-14 00:00:00,27740589299,Lido,liquid_staking,lido
2024-05-15 00:00:00,27161347277,Lido,liquid_staking,lido
2024-05-16 00:00:00,28324665695,Lido,liquid_staking,lido
2024-05-17 00:00:00,27523743823,Lido,liquid_staking,lido
2024-05-18 00:00:00,29018415379,Lido,liquid_staking,lido
2024-05-19 00:00:00,29266218398,Lido,liquid_staking,lido
2024-05-20 00:00:00,28712603282,Lido,liquid_staking,lido
2024-05-21 00:00:00,34106380391,Lido,liquid_staking,lido
2024-05-22 00:00:00,35311622169,Lido,liquid_staking,lido
2024-05-23 00:00:00,35111299740,Lido,liquid_staking,lido
2024-05-24 00:00:00,35548518516,Lido,liquid_staking,lido
2024-05-25 00:00:00,34845958155,Lido,liquid_staking,lido
2024-05-26 00:00:00,34907968628,Lido,liquid_staking,lido
2024-05-27 00:00:00,35835746945,Lido,liquid_staking,lido
2024-05-28 00:00:00,36270152684,Lido,liquid_staking,lido
2024-05-29 00:00:00,36507655562,Lido,liquid_staking,lido
2024-05-30 00:00:00,35985925689,Lido,liquid_staking,lido
2024-05-31 00:00:00,35709394441,Lido,liquid_staking,lido
2024-06-01 00:00:00,36003173962,Lido,liquid_staking,lido
2024-06-02 00:00:00,36297562606,Lido,liquid_staking,lido
2024-06-03 00:00:00,36000901646,Lido,liquid_staking,lido
2024-06-04 00:00:00,35944065900,Lido,liquid_staking,lido
2024-06-05 00:00:00,36399082679,Lido,liquid_staking,lido
2024-06-06 00:00:00,36727843961,Lido,liquid_staking,lido
2024-06-07 00:00:00,36299693986,Lido,liquid_staking,lido
2024-06-08 00:00:00,35202933184,Lido,liquid_staking,lido
2024-06-09 00:00:00,34953965915,Lido,liquid_staking,lido
2024-06-10 00:00:00,35597308815,Lido,liquid_staking,lido
2024-06-11 00:00:00,35008046698,Lido,liquid_staking,lido
2024-06-12 00:00:00,33350658525,Lido,liquid_staking,lido
2024-06-13 00:00:00,33956429886,Lido,liquid_staking,lido
2024-06-14 00:00:00,33186313631,Lido,liquid_staking,lido
2024-06-15 00:00:00,33197893407,Lido,liquid_staking,lido
2024-06-16 00:00:00,34047373923,Lido,liquid_staking,lido
2024-06-17 00:00:00,34358500125,Lido,liquid_staking,lido
2024-06-18 00:00:00,33685640195,Lido,liquid_staking,lido
2024-06-19 00:00:00,33215741714,Lido,liquid_staking,lido
2024-06-20 00:00:00,34005128053,Lido,liquid_staking,lido
2024-06-21 00:00:00,33721466506,Lido,liquid_staking,lido
2024-06-22 00:00:00,33786598870,Lido,liquid_staking,lido
2024-06-23 00:00:00,33733516672,Lido,liquid_staking,lido
2024-06-24 00:00:00,33064859052,Lido,liquid_staking,lido
2024-06-25 00:00:00,32297108455,Lido,liquid_staking,lido
2024-06-26 00:00:00,33031318275,Lido,liquid_staking,lido
2024-06-27 00:00:00,32836414989,Lido,liquid_staking,lido
2024-06-28 00:00:00,33525241598,Lido,liquid_staking,lido
2024-06-29 00:00:00,32927498439,Lido,liquid_staking,lido
2024-06-30 00:00:00,32933751631,Lido,liquid_staking,lido
2024-07-01 00:00:00,33255412787,Lido,liquid_staking,lido
2024-07-02 00:00:00,33728112518,Lido,liquid_staking,lido
2024-07-03 00:00:00,33291882493,Lido,liquid_staking,lido
2024-07-04 00:00:00,32206182988,Lido,liquid_staking,lido
2024-07-05 00:00:00,30723000488,Lido,liquid_staking,lido
2024-07-06 00:00:00,29175642844,Lido,liquid_staking,lido
2024-07-07 00:00:00,29926773319,Lido,liquid_staking,lido
2024-07-08 00:00:00,28797598786,Lido,liquid_staking,lido
2024-07-09 00:00:00,29446677384,Lido,liquid_staking,lido
2024-07-10 00:00:00,29788094413,Lido,liquid_staking,lido
2024-07-11 00:00:00,30165920472,Lido,liquid_staking,lido
2024-07-12 00:00:00,30323918209,Lido,liquid_staking,lido
2024-07-13 00:00:00,30335958554,Lido,liquid_staking,lido
2024-07-14 00:00:00,30775544799,Lido,liquid_staking,lido
2024-07-15 00:00:00,31658633094,Lido,liquid_staking,lido
2024-07-16 00:00:00,33398502676,Lido,liquid_staking,lido
2024-07-17 00:00:00,33547335618,Lido,liquid_staking,lido
2024-07-18 00:00:00,33330916037,Lido,liquid_staking,lido
2024-07-19 00:00:00,33412716758,Lido,liquid_staking,lido
2024-07-20 00:00:00,34395495449,Lido,liquid_staking,lido
2024-07-21 00:00:00,34434622621,Lido,liquid_staking,lido
2024-07-22 00:00:00,34629528389,Lido,liquid_staking,lido
2024-07-23 00:00:00,33947676179,Lido,liquid_staking,lido
2024-07-24 00:00:00,34166282741,Lido,liquid_staking,lido
2024-07-25 00:00:00,32851219268,Lido,liquid_staking,lido
2024-07-26 00:00:00,31189537200,Lido,liquid_staking,lido
2024-07-27 00:00:00,32248611433,Lido,liquid_staking,lido
2024-07-28 00:00:00,32290918843,Lido,liquid_staking,lido
2024-07-29 00:00:00,32113582815,Lido,liquid_staking,lido
2024-07-30 00:00:00,33055789526,Lido,liquid_staking,lido
2024-07-31 00:00:00,32360387368,Lido,liquid_staking,lido
2024-08-01 00:00:00,31759335121,Lido,liquid_staking,lido
2024-08-02 00:00:00,31285526869,Lido,liquid_staking,lido
2024-08-03 00:00:00,29633810158,Lido,liquid_staking,lido
2024-08-04 00:00:00,28671795988,Lido,liquid_staking,lido
2024-08-05 00:00:00,26864536013,Lido,liquid_staking,lido
2024-08-06 00:00:00,23928717169,Lido,liquid_staking,lido
2024-08-07 00:00:00,24478105509,Lido,liquid_staking,lido
2024-08-08 00:00:00,23065549671,Lido,liquid_staking,lido
2024-08-09 00:00:00,25313848539,Lido,liquid_staking,lido
2024-08-10 00:00:00,25528755542,Lido,liquid_staking,lido
2024-08-11 00:00:00,25615018971,Lido,liquid_staking,lido
2024-08-12 00:00:00,25156632780,Lido,liquid_staking,lido
2024-08-13 00:00:00,26343873223,Lido,liquid_staking,lido
2024-08-14 00:00:00,26731002069,Lido,liquid_staking,lido
2024-08-15 00:00:00,26208793587,Lido,liquid_staking,lido
2024-08-16 00:00:00,25253278667,Lido,liquid_staking,lido
2024-08-17 00:00:00,25659832877,Lido,liquid_staking,lido
2024-08-18 00:00:00,25678331711,Lido,liquid_staking,lido
2024-08-19 00:00:00,26096339670,Lido,liquid_staking,lido
2024-08-20 00:00:00,25771239215,Lido,liquid_staking,lido
2024-08-21 00:00:00,25483913610,Lido,liquid_staking,lido
2024-08-22 00:00:00,26011559234,Lido,liquid_staking,lido
2024-08-23 00:00:00,25836294001,Lido,liquid_staking,lido
2024-08-24 00:00:00,27419587357,Lido,liquid_staking,lido
2024-08-25 00:00:00,27028886242,Lido,liquid_staking,lido
2024-08-26 00:00:00,27273823637,Lido,liquid_staking,lido
2024-08-27 00:00:00,26423834824,Lido,liquid_staking,lido
2024-08-28 00:00:00,23986438395,Lido,liquid_staking,lido
2024-08-29 00:00:00,24817962962,Lido,liquid_staking,lido
2024-08-30 00:00:00,24794890429,Lido,liquid_staking,lido
2024-08-31 00:00:00,24809519821,Lido,liquid_staking,lido
2024-09-01 00:00:00,24738657426,Lido,liquid_staking,lido
2024-09-02 00:00:00,23796670701,Lido,liquid_staking,lido
2024-09-03 00:00:00,25031175169,Lido,liquid_staking,lido
2024-09-04 00:00:00,24157217263,Lido,liquid_staking,lido
2024-09-05 00:00:00,24266617812,Lido,liquid_staking,lido
2024-09-06 00:00:00,23335281529,Lido,liquid_staking,lido
2024-09-07 00:00:00,21792695355,Lido,liquid_staking,lido
2024-09-08 00:00:00,22282659954,Lido,liquid_staking,lido
2024-09-09 00:00:00,22780109140,Lido,liquid_staking,lido
2024-09-10 00:00:00,23232076486,Lido,liquid_staking,lido
2024-09-11 00:00:00,23382501236,Lido,liquid_staking,lido
2024-09-12 00:00:00,22987148148,Lido,liquid_staking,lido
2024-09-13 00:00:00,23012754762,Lido,liquid_staking,lido
2024-09-14 00:00:00,23983464337,Lido,liquid_staking,lido
2024-09-15 00:00:00,23650990812,Lido,liquid_staking,lido
2024-09-16 00:00:00,22973435505,Lido,liquid_staking,lido
2024-09-17 00:00:00,22394237084,Lido,liquid_staking,lido
2024-09-18 00:00:00,22966378279,Lido,liquid_staking,lido
2024-09-19 00:00:00,22977005056,Lido,liquid_staking,lido
2024-09-20 00:00:00,24024139607,Lido,liquid_staking,lido
2024-09-21 00:00:00,24885407032,Lido,liquid_staking,lido
2024-09-22 00:00:00,25039488709,Lido,liquid_staking,lido
2024-09-23 00:00:00,24806398390,Lido,liquid_staking,lido
2024-09-24 00:00:00,25931134151,Lido,liquid_staking,lido
2024-09-25 00:00:00,26059716938,Lido,liquid_staking,lido
2024-09-26 00:00:00,25272383218,Lido,liquid_staking,lido
2024-09-27 00:00:00,26028702714,Lido,liquid_staking,lido
2024-09-28 00:00:00,26491533877,Lido,liquid_staking,lido
2024-09-29 00:00:00,26225790628,Lido,liquid_staking,lido
2024-09-30 00:00:00,26122497002,Lido,liquid_staking,lido
2024-10-01 00:00:00,25647883490,Lido,liquid_staking,lido
2024-10-02 00:00:00,24283825320,Lido,liquid_staking,lido
2024-10-03 00:00:00,23274742851,Lido,liquid_staking,lido
2024-10-04 00:00:00,23058641619,Lido,liquid_staking,lido
2024-10-05 00:00:00,23804764998,Lido,liquid_staking,lido
2024-10-06 00:00:00,23715639000,Lido,liquid_staking,lido
2024-10-07 00:00:00,23897295453,Lido,liquid_staking,lido
2024-10-08 00:00:00,23956659285,Lido,liquid_staking,lido
2024-10-09 00:00:00,23890849699,Lido,liquid_staking,lido
2024-10-10 00:00:00,23130595568,Lido,liquid_staking,lido
2024-10-11 00:00:00,23172178694,Lido,liquid_staking,lido
2024-10-12 00:00:00,23864849038,Lido,liquid_staking,lido
2024-10-13 00:00:00,24175295704,Lido,liquid_staking,lido
2024-10-14 00:00:00,24092024196,Lido,liquid_staking,lido
2024-10-15 00:00:00,25625912286,Lido,liquid_staking,lido
2024-10-16 00:00:00,25339074029,Lido,liquid_staking,lido
2024-10-17 00:00:00,25630602256,Lido,liquid_staking,lido
2024-10-18 00:00:00,25460127241,Lido,liquid_staking,lido
2024-10-19 00:00:00,25830888848,Lido,liquid_staking,lido
2024-10-20 00:00:00,25837402801,Lido,liquid_staking,lido
2024-10-21 00:00:00,26721674456,Lido,liquid_staking,lido
2024-10-22 00:00:00,26097700542,Lido,liquid_staking,lido
2024-10-23 00:00:00,25743720229,Lido,liquid_staking,lido
2024-10-24 00:00:00,24469936797,Lido,liquid_staking,lido
2024-10-25 00:00:00,24843997806,Lido,liquid_staking,lido
2024-10-26 00:00:00,24266901522,Lido,liquid_staking,lido
2024-10-27 00:00:00,24256230372,Lido,liquid_staking,lido
2024-10-28 00:00:00,24531759741,Lido,liquid_staking,lido
2024-10-29 00:00:00,25074321946,Lido,liquid_staking,lido
2024-10-30 00:00:00,25697403370,Lido,liquid_staking,lido
2024-10-31 00:00:00,26066656377,Lido,liquid_staking,lido
2024-11-01 00:00:00,24604977179,Lido,liquid_staking,lido
2024-11-02 00:00:00,24580968604,Lido,liquid_staking,lido
2024-11-03 00:00:00,24306081312,Lido,liquid_staking,lido
2024-11-04 00:00:00,24040506684,Lido,liquid_staking,lido
2024-11-05 00:00:00,23364394755,Lido,liquid_staking,lido
2024-11-06 00:00:00,23709038611,Lido,liquid_staking,lido
2024-11-07 00:00:00,26695560093,Lido,liquid_staking,lido
2024-11-08 00:00:00,28244683207,Lido,liquid_staking,lido
2024-11-09 00:00:00,29048499088,Lido,liquid_staking,lido
2024-11-10 00:00:00,30649483970,Lido,liquid_staking,lido
2024-11-11 00:00:00,31311407693,Lido,liquid_staking,lido
2024-11-12 00:00:00,32779761208,Lido,liquid_staking,lido
2024-11-13 00:00:00,32174168690,Lido,liquid_staking,lido
2024-11-14 00:00:00,31340772806,Lido,liquid_staking,lido
2024-11-15 00:00:00,30073599744,Lido,liquid_staking,lido
2024-11-16 00:00:00,30380966978,Lido,liquid_staking,lido
2024-11-17 00:00:00,30826322141,Lido,liquid_staking,lido
2024-11-18 00:00:00,30122126036,Lido,liquid_staking,lido
2024-11-19 00:00:00,31032297183,Lido,liquid_staking,lido
2024-11-20 00:00:00,30515873075,Lido,liquid_staking,lido
2024-11-21 00:00:00,30115257205,Lido,liquid_staking,lido
2024-11-22 00:00:00,33045145729,Lido,liquid_staking,lido
2024-11-23 00:00:00,32637781508,Lido,liquid_staking,lido
2024-11-24 00:00:00,33404283056,Lido,liquid_staking,lido
2024-11-25 00:00:00,32891432832,Lido,liquid_staking,lido
2024-11-26 00:00:00,33300288971,Lido,liquid_staking,lido
2024-11-27 00:00:00,32625423209,Lido,liquid_staking,lido
2024-11-28 00:00:00,36008302091,Lido,liquid_staking,lido
2024-11-29 00:00:00,35270700663,Lido,liquid_staking,lido
2024-11-30 00:00:00,35345326398,Lido,liquid_staking,lido
2024-12-01 00:00:00,36656161747,Lido,liquid_staking,lido
2024-12-02 00:00:00,36693035529,Lido,liquid_staking,lido
2024-12-03 00:00:00,35723030177,Lido,liquid_staking,lido
2024-12-04 00:00:00,35724961964,Lido,liquid_staking,lido
2024-12-05 00:00:00,37877726009,Lido,liquid_staking,lido
2024-12-06 00:00:00,37590949522,Lido,liquid_staking,lido
2024-12-07 00:00:00,39296828174,Lido,liquid_staking,lido
2024-12-08 00:00:00,39389918530,Lido,liquid_staking,lido
2024-12-09 00:00:00,39485468735,Lido,liquid_staking,lido
2024-12-10 00:00:00,36553397407,Lido,liquid_staking,lido
2024-12-11 00:00:00,35921462926,Lido,liquid_staking,lido
2024-12-12 00:00:00,37893350514,Lido,liquid_staking,lido
2024-12-13 00:00:00,38111406555,Lido,liquid_staking,lido
2024-12-14 00:00:00,38383561942,Lido,liquid_staking,lido
2024-12-15 00:00:00,37936189998,Lido,liquid_staking,lido
2024-12-16 00:00:00,38185981171,Lido,liquid_staking,lido
2024-12-17 00:00:00,39145886404,Lido,liquid_staking,lido
2024-12-18 00:00:00,37926226560,Lido,liquid_staking,lido
2024-12-19 00:00:00,35849196825,Lido,liquid_staking,lido
2024-12-20 00:00:00,33538481237,Lido,liquid_staking,lido
2024-12-21 00:00:00,33933080037,Lido,liquid_staking,lido
2024-12-22 00:00:00,32424583619,Lido,liquid_staking,lido
2024-12-23 00:00:00,31930188766,Lido,liquid_staking,lido
2024-12-24 00:00:00,33368141028,Lido,liquid_staking,lido
2024-12-25 00:00:00,33973999131,Lido,liquid_staking,lido
2024-12-26 00:00:00,33775372131,Lido,liquid_staking,lido
2024-12-27 00:00:00,32131545612,Lido,liquid_staking,lido
2024-12-28 00:00:00,32105636156,Lido,liquid_staking,lido
2024-12-29 00:00:00,32902105888,Lido,liquid_staking,lido
2024-12-30 00:00:00,32449251404,Lido,liquid_staking,lido
2024-12-31 00:00:00,32519760519,Lido,liquid_staking,lido
2025-01-01 00:00:00,32205543613,Lido,liquid_staking,lido
2025-01-02 00:00:00,32448919351,Lido,liquid_staking,lido
2025-01-03 00:00:00,33281495401,Lido,liquid_staking,lido
2025-01-04 00:00:00,34862579908,Lido,liquid_staking,lido
2025-01-05 00:00:00,35310944583,Lido,liquid_staking,lido
2025-01-06 00:00:00,35195997570,Lido,liquid_staking,lido
2025-01-07 00:00:00,35553060974,Lido,liquid_staking,lido
2025-01-08 00:00:00,32636977298,Lido,liquid_staking,lido
2025-01-09 00:00:00,32079352802,Lido,liquid_staking,lido
2025-01-10 00:00:00,30977410323,Lido,liquid_staking,lido
2025-01-11 00:00:00,31467526279,Lido,liquid_staking,lido
2025-01-12 00:00:00,31648363733,Lido,liquid_staking,lido
2025-01-13 00:00:00,31165002463,Lido,liquid_staking,lido
2025-01-14 00:00:00,30120490969,Lido,liquid_staking,lido
2025-01-15 00:00:00,31079806687,Lido,liquid_staking,lido
2025-01-16 00:00:00,33036360580,Lido,liquid_staking,lido
2025-01-17 00:00:00,31794137280,Lido,liquid_staking,lido
2025-01-18 00:00:00,33480781149,Lido,liquid_staking,lido
2025-01-19 00:00:00,31545077591,Lido,liquid_staking,lido
2025-01-20 00:00:00,30853578523,Lido,liquid_staking,lido
2025-01-21 00:00:00,31507679289,Lido,liquid_staking,lido
2025-01-22 00:00:00,31883899272,Lido,liquid_staking,lido
2025-01-23 00:00:00,31060369403,Lido,liquid_staking,lido
2025-01-24 00:00:00,31962017436,Lido,liquid_staking,lido
2025-01-25 00:00:00,31634574220,Lido,liquid_staking,lido
2025-01-26 00:00:00,31919422812,Lido,liquid_staking,lido
2025-01-27 00:00:00,31229856805,Lido,liquid_staking,lido
2025-01-28 00:00:00,30247394377,Lido,liquid_staking,lido
2025-01-29 00:00:00,29346346812,Lido,liquid_staking,lido
2025-01-30 00:00:00,29826852785,Lido,liquid_staking,lido
2025-01-31 00:00:00,30867377610,Lido,liquid_staking,lido
2025-02-01 00:00:00,31354907312,Lido,liquid_staking,lido
2025-02-02 00:00:00,29627454957,Lido,liquid_staking,lido
2025-02-03 00:00:00,26681941000,Lido,liquid_staking,lido
2025-02-04 00:00:00,27138226613,Lido,liquid_staking,lido
2025-02-05 00:00:00,25926745906,Lido,liquid_staking,lido
2025-02-06 00:00:00,26419882854,Lido,liquid_staking,lido
2025-02-07 00:00:00,25427211850,Lido,liquid_staking,lido
2025-02-08 00:00:00,25078376937,Lido,liquid_staking,lido
2025-02-09 00:00:00,24927919212,Lido,liquid_staking,lido
2025-02-10 00:00:00,24981679224,Lido,liquid_staking,lido
2025-02-11 00:00:00,25048852502,Lido,liquid_staking,lido
2025-02-12 00:00:00,24500683648,Lido,liquid_staking,lido
2025-02-13 00:00:00,25690424588,Lido,liquid_staking,lido
2025-02-14 00:00:00,25201734618,Lido,liquid_staking,lido
2025-02-15 00:00:00,25570912385,Lido,liquid_staking,lido
2025-02-16 00:00:00,25325713682,Lido,liquid_staking,lido
2025-02-17 00:00:00,25049285865,Lido,liquid_staking,lido
2025-02-18 00:00:00,25630798912,Lido,liquid_staking,lido
2025-02-19 00:00:00,25152989716,Lido,liquid_staking,lido
2025-02-20 00:00:00,25571162213,Lido,liquid_staking,lido
2025-02-21 00:00:00,25848531668,Lido,liquid_staking,lido
2025-02-22 00:00:00,25084769060,Lido,liquid_staking,lido
2025-02-23 00:00:00,26044117218,Lido,liquid_staking,lido
2025-02-24 00:00:00,26661829084,Lido,liquid_staking,lido
2025-02-25 00:00:00,23571649957,Lido,liquid_staking,lido
2025-02-26 00:00:00,23391616117,Lido,liquid_staking,lido
2025-02-27 00:00:00,21896492505,Lido,liquid_staking,lido
2025-02-28 00:00:00,21637428528,Lido,liquid_staking,lido
2025-03-01 00:00:00,20925003105,Lido,liquid_staking,lido
2025-03-02 00:00:00,20898469215,Lido,liquid_staking,lido
2025-03-03 00:00:00,23624236934,Lido,liquid_staking,lido
2025-03-04 00:00:00,20290133754,Lido,liquid_staking,lido
2025-03-05 00:00:00,20306332184,Lido,liquid_staking,lido
2025-03-06 00:00:00,21252454407,Lido,liquid_staking,lido
2025-03-07 00:00:00,20044381079,Lido,liquid_staking,lido
2025-03-08 00:00:00,19971771916,Lido,liquid_staking,lido
2025-03-09 00:00:00,20590046352,Lido,liquid_staking,lido
2025-03-10 00:00:00,18994852078,Lido,liquid_staking,lido
2025-03-11 00:00:00,17550933967,Lido,liquid_staking,lido
2025-03-12 00:00:00,17956725487,Lido,liquid_staking,lido
2025-03-13 00:00:00,17855783042,Lido,liquid_staking,lido
2025-03-14 00:00:00,17457347491,Lido,liquid_staking,lido
2025-03-15 00:00:00,17913617805,Lido,liquid_staking,lido
2025-03-16 00:00:00,18107934626,Lido,liquid_staking,lido
2025-03-17 00:00:00,17694862441,Lido,liquid_staking,lido
2025-03-18 00:00:00,17940217823,Lido,liquid_staking,lido
2025-03-19 00:00:00,18035671359,Lido,liquid_staking,lido
2025-03-20 00:00:00,19225032625,Lido,liquid_staking,lido
2025-03-21 00:00:00,18599161419,Lido,liquid_staking,lido
2025-03-22 00:00:00,18368907425,Lido,liquid_staking,lido
2025-03-23 00:00:00,18497386089,Lido,liquid_staking,lido
2025-03-24 00:00:00,18790164072,Lido,liquid_staking,lido
2025-03-25 00:00:00,19561977868,Lido,liquid_staking,lido
2025-03-26 00:00:00,19320477240,Lido,liquid_staking,lido
2025-03-27 00:00:00,19009551468,Lido,liquid_staking,lido
2025-03-28 00:00:00,18735696520,Lido,liquid_staking,lido
2025-03-29 00:00:00,17876625208,Lido,liquid_staking,lido
2025-03-30 00:00:00,17117355083,Lido,liquid_staking,lido
2025-03-31 00:00:00,16901782336,Lido,liquid_staking,lido
2025-04-01 00:00:00,17114913327,Lido,liquid_staking,lido
2025-04-02 00:00:00,17840828505,Lido,liquid_staking,lido
2025-04-03 00:00:00,16841336395,Lido,liquid_staking,lido
2025-04-04 00:00:00,17060660906,Lido,liquid_staking,lido
2025-04-05 00:00:00,17045602463,Lido,liquid_staking,lido
2025-04-06 00:00:00,16965508210,Lido,liquid_staking,lido
2025-04-07 00:00:00,14756977166,Lido,liquid_staking,lido
2025-04-08 00:00:00,14652039118,Lido,liquid_staking,lido
2025-04-09 00:00:00,13779794667,Lido,liquid_staking,lido
2025-04-10 00:00:00,15430675899,Lido,liquid_staking,lido
2025-04-11 00:00:00,14428100688,Lido,liquid_staking,lido
2025-04-12 00:00:00,14691027879,Lido,liquid_staking,lido
2025-04-13 00:00:00,15328792669,Lido,liquid_staking,lido
2025-04-14 00:00:00,14783410798,Lido,liquid_staking,lido
2025-04-15 00:00:00,15107944468,Lido,liquid_staking,lido
2025-04-16 00:00:00,14841878256,Lido,liquid_staking,lido
2025-04-17 00:00:00,14688865983,Lido,liquid_staking,lido
2025-04-18 00:00:00,14728004690,Lido,liquid_staking,lido
2025-04-19 00:00:00,14778751782,Lido,liquid_staking,lido
2025-04-20 00:00:00,14955922933,Lido,liquid_staking,lido
2025-04-21 00:00:00,14878199097,Lido,liquid_staking,lido
2025-04-22 00:00:00,14599768447,Lido,liquid_staking,lido
2025-04-23 00:00:00,16273201917,Lido,liquid_staking,lido
2025-04-24 00:00:00,16629598563,Lido,liquid_staking,lido
2025-04-25 00:00:00,16407426588,Lido,liquid_staking,lido
2025-04-26 00:00:00,16551204914,Lido,liquid_staking,lido
2025-04-27 00:00:00,17033277319,Lido,liquid_staking,lido
2025-04-28 00:00:00,16592870321,Lido,liquid_staking,lido
2025-04-29 00:00:00,16649672726,Lido,liquid_staking,lido
2025-04-30 00:00:00,16630227105,Lido,liquid_staking,lido
2025-05-01 00:00:00,16569438128,Lido,liquid_staking,lido
2025-05-02 00:00:00,16945190375,Lido,liquid_staking,lido
2025-05-03 00:00:00,16941398958,Lido,liquid_staking,lido
2025-05-04 00:00:00,16878045766,Lido,liquid_staking,lido
2025-05-05 00:00:00,16589440413,Lido,liquid_staking,lido
2025-05-06 00:00:00,16698451494,Lido,liquid_staking,lido
2025-05-07 00:00:00,16858372775,Lido,liquid_staking,lido
2025-05-08 00:00:00,16714481730,Lido,liquid_staking,lido
2025-05-09 00:00:00,20171118029,Lido,liquid_staking,lido
2025-05-10 00:00:00,21684208093,Lido,liquid_staking,lido
2025-05-11 00:00:00,23247906315,Lido,liquid_staking,lido
2025-05-12 00:00:00,23164234168,Lido,liquid_staking,lido
2025-05-13 00:00:00,22632781380,Lido,liquid_staking,lido
2025-05-14 00:00:00,24565108436,Lido,liquid_staking,lido
2025-05-15 00:00:00,23887234854,Lido,liquid_staking,lido
2025-05-16 00:00:00,23235660527,Lido,liquid_staking,lido
2025-05-17 00:00:00,23320532254,Lido,liquid_staking,lido
2025-05-18 00:00:00,22620649586,Lido,liquid_staking,lido
2025-05-19 00:00:00,22321593292,Lido,liquid_staking,lido
2025-05-20 00:00:00,22968337420,Lido,liquid_staking,lido
2025-05-21 00:00:00,22810598214,Lido,liquid_staking,lido
2025-05-22 00:00:00,23140141635,Lido,liquid_staking,lido
2025-05-23 00:00:00,24007687451,Lido,liquid_staking,lido
2025-05-24 00:00:00,22825754058,Lido,liquid_staking,lido
2025-05-25 00:00:00,22715264957,Lido,liquid_staking,lido
2025-05-26 00:00:00,22971934221,Lido,liquid_staking,lido
2025-05-27 00:00:00,23058695473,Lido,liquid_staking,lido
2025-05-28 00:00:00,23872194401,Lido,liquid_staking,lido
2025-05-29 00:00:00,24303108599,Lido,liquid_staking,lido
2025-05-30 00:00:00,23361868891,Lido,liquid_staking,lido
2025-05-31 00:00:00,22691942168,Lido,liquid_staking,lido
2025-06-01 00:00:00,22610133573,Lido,liquid_staking,lido
2025-06-02 00:00:00,22777295889,Lido,liquid_staking,lido
2025-06-03 00:00:00,23476761187,Lido,liquid_staking,lido
2025-06-04 00:00:00,23295526858,Lido,liquid_staking,lido
2025-06-05 00:00:00,23416675130,Lido,liquid_staking,lido
2025-06-06 00:00:00,21717171088,Lido,liquid_staking,lido
2025-06-07 00:00:00,22282229224,Lido,liquid_staking,lido
2025-06-08 00:00:00,22646375186,Lido,liquid_staking,lido
2025-06-09 00:00:00,22518165347,Lido,liquid_staking,lido
2025-06-10 00:00:00,24177781271,Lido,liquid_staking,lido
2025-06-11 00:00:00,25494775321,Lido,liquid_staking,lido
2025-06-12 00:00:00,25143134872,Lido,liquid_staking,lido
2025-06-13 00:00:00,23213996312,Lido,liquid_staking,lido
2025-06-14 00:00:00,23315709198,Lido,liquid_staking,lido
2025-06-15 00:00:00,23034258809,Lido,liquid_staking,lido
2025-06-16 00:00:00,23183848341,Lido,liquid_staking,lido
2025-06-17 00:00:00,23142194565,Lido,liquid_staking,lido
2025-06-18 00:00:00,22961965706,Lido,liquid_staking,lido
2025-06-19 00:00:00,22994614748,Lido,liquid_staking,lido
2025-06-20 00:00:00,23109878112,Lido,liquid_staking,lido
2025-06-21 00:00:00,21990069339,Lido,liquid_staking,lido
2025-06-22 00:00:00,20562258014,Lido,liquid_staking,lido
2025-06-23 00:00:00,20603792260,Lido,liquid_staking,lido
2025-06-24 00:00:00,22220070689,Lido,liquid_staking,lido
2025-06-25 00:00:00,22403447692,Lido,liquid_staking,lido
2025-06-26 00:00:00,22156514883,Lido,liquid_staking,lido
2025-06-27 00:00:00,22051279578,Lido,liquid_staking,lido
2025-06-28 00:00:00,22047490228,Lido,liquid_staking,lido
2025-06-29 00:00:00,22216234181,Lido,liquid_staking,lido
2025-06-30 00:00:00,22776902359,Lido,liquid_staking,lido
2025-07-01 00:00:00,22710642481,Lido,liquid_staking,lido
2025-07-02 00:00:00,21935554385,Lido,liquid_staking,lido
2025-07-03 00:00:00,23458588779,Lido,liquid_staking,lido
2025-07-04 00:00:00,23612901179,Lido,liquid_staking,lido
2025-07-05 00:00:00,22925583275,Lido,liquid_staking,lido
2025-07-06 00:00:00,22922721559,Lido,liquid_staking,lido
2025-07-07 00:00:00,23413166529,Lido,liquid_staking,lido
2025-07-08 00:00:00,23188714479,Lido,liquid_staking,lido
2025-07-09 00:00:00,23869512664,Lido,liquid_staking,lido
2025-07-10 00:00:00,25283949974,Lido,liquid_staking,lido
2025-07-11 00:00:00,26812777918,Lido,liquid_staking,lido
2025-07-12 00:00:00,27014373324,Lido,liquid_staking,lido
2025-07-13 00:00:00,26909911377,Lido,liquid_staking,lido
2025-07-14 00:00:00,27079258987,Lido,liquid_staking,lido
2025-07-15 00:00:00,27557561438,Lido,liquid_staking,lido
2025-07-16 00:00:00,28618315633,Lido,liquid_staking,lido
2025-07-17 00:00:00,30867121166,Lido,liquid_staking,lido
2025-07-18 00:00:00,31765191334,Lido,liquid_staking,lido
2025-07-19 00:00:00,32386910824,Lido,liquid_staking,lido
2025-07-20 00:00:00,32667909107,Lido,liquid_staking,lido
2025-07-21 00:00:00,34050356452,Lido,liquid_staking,lido
2025-07-22 00:00:00,34374039965,Lido,liquid_staking,lido
2025-07-23 00:00:00,34019620157,Lido,liquid_staking,lido
2025-07-24 00:00:00,33073008373,Lido,liquid_staking,lido
2025-07-25 00:00:00,32873395352,Lido,liquid_staking,lido
2025-07-26 00:00:00,33602188907,Lido,liquid_staking,lido
2025-07-27 00:00:00,33897495501,Lido,liquid_staking,lido
2025-07-28 00:00:00,34813073588,Lido,liquid_staking,lido
2025-07-29 00:00:00,34197750262,Lido,liquid_staking,lido
2025-07-30 00:00:00,33972965395,Lido,liquid_staking,lido
2025-07-31 00:00:00,34143656347,Lido,liquid_staking,lido
2025-08-01 00:00:00,33144849657,Lido,liquid_staking,lido
2025-08-02 00:00:00,31315680777,Lido,liquid_staking,lido
2025-08-03 00:00:00,30451987350,Lido,liquid_staking,lido
2025-08-04 00:00:00,31297917189,Lido,liquid_staking,lido
2025-08-05 00:00:00,32850119959,Lido,liquid_staking,lido
2025-08-06 00:00:00,31943280242,Lido,liquid_staking,lido
2025-08-07 00:00:00,32707070293,Lido,liquid_staking,lido
2025-08-08 00:00:00,34757959573,Lido,liquid_staking,lido
2025-08-09 00:00:00,35680292925,Lido,liquid_staking,lido
2025-08-10 00:00:00,38174275100,Lido,liquid_staking,lido
2025-08-11 00:00:00,37774675596,Lido,liquid_staking,lido
2025-08-12 00:00:00,37553393535,Lido,liquid_staking,lido
2025-08-13 00:00:00,40846502922,Lido,liquid_staking,lido
2025-08-14 00:00:00,41996380123,Lido,liquid_staking,lido
2025-08-15 00:00:00,40466700881,Lido,liquid_staking,lido
2025-08-16 00:00:00,39543558254,Lido,liquid_staking,lido
2025-08-17 00:00:00,39044363361,Lido,liquid_staking,lido
2025-08-18 00:00:00,39271348851,Lido,liquid_staking,lido
2025-08-19 00:00:00,38140766274,Lido,liquid_staking,lido
2025-08-20 00:00:00,36237168339,Lido,liquid_staking,lido
2025-08-21 00:00:00,38337346198,Lido,liquid_staking,lido
2025-08-22 00:00:00,37500398830,Lido,liquid_staking,lido
2025-08-23 00:00:00,42520243901,Lido,liquid_staking,lido
2025-08-24 00:00:00,42048201995,Lido,liquid_staking,lido
2025-08-25 00:00:00,41095111623,Lido,liquid_staking,lido
2025-08-26 00:00:00,38353234496,Lido,liquid_staking,lido
2025-08-27 00:00:00,40180740353,Lido,liquid_staking,lido
2025-08-28 00:00:00,39514578742,Lido,liquid_staking,lido
2025-08-29 00:00:00,39472356822,Lido,liquid_staking,lido
2025-08-30 00:00:00,38081925572,Lido,liquid_staking,lido
2025-08-31 00:00:00,38449491207,Lido,liquid_staking,lido
2025-09-01 00:00:00,38441349946,Lido,liquid_staking,lido
2025-09-02 00:00:00,37440868326,Lido,liquid_staking,lido
2025-09-03 00:00:00,37443404616,Lido,liquid_staking,lido
2025-09-04 00:00:00,38859993231,Lido,liquid_staking,lido
2025-09-05 00:00:00,37401245701,Lido,liquid_staking,lido
2025-09-06 00:00:00,37566525756,Lido,liquid_staking,lido
2025-09-07 00:00:00,37121091517,Lido,liquid_staking,lido
2025-09-08 00:00:00,37476831564,Lido,liquid_staking,lido
2025-09-09 00:00:00,37289515156,Lido,liquid_staking,lido
2025-09-10 00:00:00,37408519738,Lido,liquid_staking,lido
2025-09-11 00:00:00,37554680642,Lido,liquid_staking,lido
2025-09-12 00:00:00,38563734898,Lido,liquid_staking,lido
2025-09-13 00:00:00,40551405872,Lido,liquid_staking,lido
2025-09-14 00:00:00,40228472823,Lido,liquid_staking,lido
2025-09-15 00:00:00,39734945808,Lido,liquid_staking,lido
2025-09-16 00:00:00,38937975267,Lido,liquid_staking,lido
2025-09-17 00:00:00,38782956799,Lido,liquid_staking,lido
2025-09-18 00:00:00,39660668762,Lido,liquid_staking,lido
2025-09-19 00:00:00,39502273515,Lido,liquid_staking,lido
2025-09-20 00:00:00,38381071426,Lido,liquid_staking,lido
2025-09-21 00:00:00,38370729354,Lido,liquid_staking,lido
2025-09-22 00:00:00,37372718265,Lido,liquid_staking,lido
2025-09-23 00:00:00,35924947593,Lido,liquid_staking,lido
2025-09-24 00:00:00,35605657808,Lido,liquid_staking,lido
2025-09-25 00:00:00,35513492048,Lido,liquid_staking,lido
2025-09-26 00:00:00,33299962934,Lido,liquid_staking,lido
2025-09-27 00:00:00,35021212393,Lido,liquid_staking,lido
2025-09-28 00:00:00,34462033315,Lido,liquid_staking,lido
2025-09-29 00:00:00,35430611177,Lido,liquid_staking,lido
2025-09-30 00:00:00,36006915312,Lido,liquid_staking,lido
2025-10-01 00:00:00,35406427268,Lido,liquid_staking,lido
2025-10-02 00:00:00,37080272912,Lido,liquid_staking,lido
2025-10-03 00:00:00,38230648376,Lido,liquid_staking,lido
2025-10-04 00:00:00,38383850159,Lido,liquid_staking,lido
2025-10-05 00:00:00,38286940686,Lido,liquid_staking,lido
2025-10-06 00:00:00,38547018514,Lido,liquid_staking,lido
2025-10-07 00:00:00,39927385613,Lido,liquid_staking,lido
2025-10-08 00:00:00,38027129060,Lido,liquid_staking,lido
2025-10-09 00:00:00,38582334275,Lido,liquid_staking,lido
2025-10-10 00:00:00,37156434409,Lido,liquid_staking,lido
2025-10-11 00:00:00,32903697855,Lido,liquid_staking,lido
2025-10-12 00:00:00,31865313101,Lido,liquid_staking,lido
2025-10-13 00:00:00,35360768886,Lido,liquid_staking,lido
2025-10-14 00:00:00,36060987752,Lido,liquid_staking,lido
2025-10-15 00:00:00,34754797743,Lido,liquid_staking,lido
2025-10-16 00:00:00,33839877600,Lido,liquid_staking,lido
2025-10-17 00:00:00,33314779989,Lido,liquid_staking,lido
2025-10-18 00:00:00,32621313470,Lido,liquid_staking,lido
2025-10-19 00:00:00,33028481181,Lido,liquid_staking,lido
2025-10-20 00:00:00,33840526902,Lido,liquid_staking,lido
2025-10-21 00:00:00,33749508412,Lido,liquid_staking,lido
2025-10-22 00:00:00,32856301516,Lido,liquid_staking,lido
2025-10-23 00:00:00,32379983381,Lido,liquid_staking,lido
2025-10-24 00:00:00,32736909558,Lido,liquid_staking,lido
2025-10-25 00:00:00,33820417575,Lido,liquid_staking,lido
2025-10-26 00:00:00,33946530563,Lido,liquid_staking,lido
2025-10-27 00:00:00,35822389252,Lido,liquid_staking,lido
2025-10-28 00:00:00,35367869568,Lido,liquid_staking,lido
2025-10-29 00:00:00,34265831930,Lido,liquid_staking,lido
2025-10-30 00:00:00,33631549660,Lido,liquid_staking,lido
2025-10-31 00:00:00,32634669745,Lido,liquid_staking,lido
2025-11-01 00:00:00,33122172813,Lido,liquid_staking,lido
2025-11-02 00:00:00,33200889327,Lido,liquid_staking,lido
2025-11-03 00:00:00,33101166826,Lido,liquid_staking,lido
2025-11-04 00:00:00,30889305235,Lido,liquid_staking,lido
2025-11-05 00:00:00,28288390752,Lido,liquid_staking,lido
2025-11-06 00:00:00,29527626256,Lido,liquid_staking,lido
2025-11-07 00:00:00,28742486566,Lido,liquid_staking,lido
2025-11-08 00:00:00,29629451403,Lido,liquid_staking,lido
2025-11-09 00:00:00,29339506059,Lido,liquid_staking,lido
2025-11-10 00:00:00,31343080912,Lido,liquid_staking,lido
2025-11-11 00:00:00,30721585865,Lido,liquid_staking,lido
2025-11-12 00:00:00,29513724269,Lido,liquid_staking,lido
2025-11-13 00:00:00,29456160632,Lido,liquid_staking,lido
2025-11-14 00:00:00,27574485533,Lido,liquid_staking,lido
2025-11-15 00:00:00,27114350510,Lido,liquid_staking,lido
2025-11-16 00:00:00,27392520883,Lido,liquid_staking,lido
2025-11-17 00:00:00,26923026340,Lido,liquid_staking,lido
2025-11-18 00:00:00,26141620431,Lido,liquid_staking,lido
2025-11-19 00:00:00,26624796649,Lido,liquid_staking,lido
2025-11-20 00:00:00,26105966390,Lido,liquid_staking,lido
2025-11-21 00:00:00,24645798345,Lido,liquid_staking,lido
2025-11-22 00:00:00,23881095913,Lido,liquid_staking,lido
2025-11-23 00:00:00,24057154724,Lido,liquid_staking,lido
2025-11-24 00:00:00,24211648588,Lido,liquid_staking,lido
2025-11-25 00:00:00,25377356235,Lido,liquid_staking,lido
2025-11-26 00:00:00,25520309102,Lido,liquid_staking,lido
2025-11-27 00:00:00,26037888453,Lido,liquid_staking,lido
2025-11-28 00:00:00,26050087951,Lido,liquid_staking,lido
2025-11-29 00:00:00,26200613956,Lido,liquid_staking,lido
2025-11-30 00:00:00,25882628596,Lido,liquid_staking,lido
2025-12-01 00:00:00,25788980108,Lido,liquid_staking,lido
2025-12-02 00:00:00,24184394859,Lido,liquid_staking,lido
2025-12-03 00:00:00,25967421077,Lido,liquid_staking,lido
2025-12-04 00:00:00,27658243253,Lido,liquid_staking,lido
2025-12-05 00:00:00,27100328126,Lido,liquid_staking,lido
2025-12-06 00:00:00,26141320479,Lido,liquid_staking,lido
2025-12-07 00:00:00,26339685200,Lido,liquid_staking,lido
2025-12-08 00:00:00,26510765126,Lido,liquid_staking,lido
2025-12-09 00:00:00,27315525174,Lido,liquid_staking,lido
2025-12-10 00:00:00,29048323130,Lido,liquid_staking,lido
2025-12-11 00:00:00,29040122551,Lido,liquid_staking,lido
2025-12-12 00:00:00,28360668737,Lido,liquid_staking,lido
2025-12-13 00:00:00,27017964206,Lido,liquid_staking,lido
2025-12-14 00:00:00,27328348243,Lido,liquid_staking,lido
2025-12-15 00:00:00,26969933558,Lido,liquid_staking,lido
2025-12-16 00:00:00,26040051674,Lido,liquid_staking,lido
2025-12-17 00:00:00,25931483877,Lido,liquid_staking,lido
2025-12-18 00:00:00,24863479799,Lido,liquid_staking,lido
2025-12-19 00:00:00,24834807142,Lido,liquid_staking,lido
2025-12-20 00:00:00,26100119862,Lido,liquid_staking,lido
2025-12-21 00:00:00,26089173880,Lido,liquid_staking,lido
2025-12-22 00:00:00,26542091330,Lido,liquid_staking,lido
2025-12-23 00:00:00,26415569672,Lido,liquid_staking,lido
2025-12-24 00:00:00,26004751520,Lido,liquid_staking,lido
2025-12-25 00:00:00,25867664909,Lido,liquid_staking,lido
2025-12-26 00:00:00,25665780433,Lido,liquid_staking,lido
2025-12-27 00:00:00,25728454954,Lido,liquid_staking,lido
2025-12-28 00:00:00,25873869987,Lido,liquid_staking,lido
2025-12-29 00:00:00,25950070625,Lido,liquid_staking,lido
2025-12-30 00:00:00,25810834242,Lido,liquid_staking,lido
2025-12-31 00:00:00,26091672725,Lido,liquid_staking,lido
2026-01-01 00:00:00,26203169488,Lido,liquid_staking,lido
2026-01-02 00:00:00,26477778323,Lido,liquid_staking,lido
2026-01-03 00:00:00,27667195525,Lido,liquid_staking,lido
2026-01-04 00:00:00,27794390579,Lido,liquid_staking,lido
2026-01-05 00:00:00,27887010135,Lido,liquid_staking,lido
2026-01-06 00:00:00,28422227166,Lido,liquid_staking,lido
2026-01-07 00:00:00,28947240293,Lido,liquid_staking,lido
2026-01-08 00:00:00,28081124611,Lido,liquid_staking,lido
2026-01-09 00:00:00,27667339617,Lido,liquid_staking,lido
2026-01-10 00:00:00,27489301646,Lido,liquid_staking,lido
2026-01-11 00:00:00,27477892018,Lido,liquid_staking,lido
2026-01-12 00:00:00,27818256501,Lido,liquid_staking,lido
2026-01-13 00:00:00,27603662635,Lido,liquid_staking,lido
2026-01-14 00:00:00,29713729061,Lido,liquid_staking,lido
2026-01-15 00:00:00,29816023320,Lido,liquid_staking,lido
2026-01-16 00:00:00,29633488380,Lido,liquid_staking,lido
2026-01-17 00:00:00,29462348444,Lido,liquid_staking,lido
2026-01-18 00:00:00,29693261082,Lido,liquid_staking,lido
2026-01-19 00:00:00,28982804284,Lido,liquid_staking,lido
2026-01-20 00:00:00,29074391063,Lido,liquid_staking,lido
2026-01-21 00:00:00,26926177671,Lido,liquid_staking,lido
2026-01-22 00:00:00,27528984249,Lido,liquid_staking,lido
2026-01-23 00:00:00,27508988372,Lido,liquid_staking,lido
2026-01-24 00:00:00,27635076733,Lido,liquid_staking,lido
2026-01-25 00:00:00,27641753018,Lido,liquid_staking,lido
2026-01-26 00:00:00,26649771928,Lido,liquid_staking,lido
2026-01-27 00:00:00,27495401950,Lido,liquid_staking,lido
2026-01-28 00:00:00,28551817399,Lido,liquid_staking,lido
2026-01-29 00:00:00,28543082749,Lido,liquid_staking,lido
2026-01-30 00:00:00,27049924851,Lido,liquid_staking,lido
2026-01-31 00:00:00,25945545528,Lido,liquid_staking,lido
2026-02-01 00:00:00,23722662579,Lido,liquid_staking,lido
2026-02-02 00:00:00,22124035742,Lido,liquid_staking,lido
2026-02-03 00:00:00,22422901673,Lido,liquid_staking,lido
2026-02-04 00:00:00,21432785743,Lido,liquid_staking,lido
2026-02-05 00:00:00,20578432033,Lido,liquid_staking,lido
2026-02-06 00:00:00,17021668592,Lido,liquid_staking,lido
2026-02-07 00:00:00,19744031006,Lido,liquid_staking,lido
2026-02-08 00:00:00,19976782143,Lido,liquid_staking,lido
2026-02-09 00:00:00,19929141311,Lido,liquid_staking,lido
2026-02-10 00:00:00,20115342366,Lido,liquid_staking,lido
2026-02-11 00:00:00,19397045120,Lido,liquid_staking,lido
2026-02-12 00:00:00,18629554631,Lido,liquid_staking,lido
2026-02-13 00:00:00,18594744318,Lido,liquid_staking,lido
2026-02-14 00:00:00,19571083055,Lido,liquid_staking,lido
2026-02-15 00:00:00,19886517559,Lido,liquid_staking,lido
2026-02-16 00:00:00,18701008432,Lido,liquid_staking,lido
2026-02-17 00:00:00,18946769414,Lido,liquid_staking,lido
2026-02-18 00:00:00,18904869556,Lido,liquid_staking,lido
2026-02-19 00:00:00,18526525601,Lido,liquid_staking,lido
2026-02-20 00:00:00,18469475515,Lido,liquid_staking,lido
2026-02-21 00:00:00,18639761626,Lido,liquid_staking,lido
2026-02-22 00:00:00,18695553919,Lido,liquid_staking,lido
2026-02-23 00:00:00,18494244937,Lido,liquid_staking,lido
2026-02-24 00:00:00,17590287119,Lido,liquid_staking,lido
2026-02-25 00:00:00,17484371341,Lido,liquid_staking,lido
2026-02-26 00:00:00,19396423891,Lido,liquid_staking,lido
2026-02-27 00:00:00,19114056392,Lido,liquid_staking,lido
2026-02-28 00:00:00,18174505188,Lido,liquid_staking,lido
2026-03-01 00:00:00,18456216069,Lido,liquid_staking,lido
2026-03-02 00:00:00,18299842898,Lido,liquid_staking,lido
2026-03-03 00:00:00,19117128438,Lido,liquid_staking,lido
2026-03-04 00:00:00,18499092314,Lido,liquid_staking,lido
2026-03-05 00:00:00,19762266803,Lido,liquid_staking,lido
2026-03-06 00:00:00,19189911209,Lido,liquid_staking,lido
2026-03-07 00:00:00,18277609683,Lido,liquid_staking,lido
2026-03-08 00:00:00,18193395444,Lido,liquid_staking,lido
2026-03-09 00:00:00,17978656961,Lido,liquid_staking,lido
2026-03-10 00:00:00,18473289181,Lido,liquid_staking,lido
2026-03-11 00:00:00,18836554697,Lido,liquid_staking,lido
2026-03-12 00:00:00,18944391298,Lido,liquid_staking,lido
2026-03-13 00:00:00,19347154063,Lido,liquid_staking,lido
2026-03-14 00:00:00,19259126693,Lido,liquid_staking,lido
2026-03-15 00:00:00,19213325544,Lido,liquid_staking,lido
2026-03-16 00:00:00,19946945318,Lido,liquid_staking,lido
2026-03-17 00:00:00,21663118328,Lido,liquid_staking,lido
2026-03-18 00:00:00,21345683804,Lido,liquid_staking,lido
2026-03-19 00:00:00,20389041084,Lido,liquid_staking,lido
2026-03-20 00:00:00,19738092918,Lido,liquid_staking,lido
2026-03-21 00:00:00,19778104090,Lido,liquid_staking,lido
2026-03-22 00:00:00,19135445843,Lido,liquid_staking,lido
2026-03-23 00:00:00,18855135858,Lido,liquid_staking,lido
2026-03-24 00:00:00,19697635615,Lido,liquid_staking,lido
2026-03-25 00:00:00,19864241938,Lido,liquid_staking,lido
2026-03-26 00:00:00,19875845066,Lido,liquid_staking,lido
2026-03-27 00:00:00,18827443963,Lido,liquid_staking,lido
2026-03-28 00:00:00,18311443686,Lido,liquid_staking,lido
2026-03-29 00:00:00,18328731186,Lido,liquid_staking,lido
2026-03-30 00:00:00,18235284778,Lido,liquid_staking,lido
2026-03-31 00:00:00,18609641628,Lido,liquid_staking,lido
2026-04-01 00:00:00,19385379185,Lido,liquid_staking,lido
2026-04-02 00:00:00,19784016607,Lido,liquid_staking,lido
2026-04-03 00:00:00,19014927904,Lido,liquid_staking,lido
2026-04-04 00:00:00,19047673754,Lido,liquid_staking,lido
2026-04-05 00:00:00,19193132001,Lido,liquid_staking,lido
2026-04-06 00:00:00,19795123847,Lido,liquid_staking,lido
2026-04-07 00:00:00,19737038477,Lido,liquid_staking,lido
2026-04-08 00:00:00,20901391598,Lido,liquid_staking,lido
2026-04-09 00:00:00,20469602429,Lido,liquid_staking,lido
2026-04-10 00:00:00,20647874307,Lido,liquid_staking,lido
2026-04-11 00:00:00,21076937862,Lido,liquid_staking,lido
2026-04-12 00:00:00,21484367870,Lido,liquid_staking,lido
2026-04-13 00:00:00,20779074593,Lido,liquid_staking,lido
2026-04-14 00:00:00,22370824465,Lido,liquid_staking,lido
2026-04-15 00:00:00,22012225671,Lido,liquid_staking,lido
2026-04-16 00:00:00,22264434722,Lido,liquid_staking,lido
2026-04-17 00:00:00,22101841329,Lido,liquid_staking,lido
2026-04-18 00:00:00,22816462859,Lido,liquid_staking,lido
2026-04-19 00:00:00,22143077220,Lido,liquid_staking,lido
2026-04-20 00:00:00,21401249344,Lido,liquid_staking,lido
2026-04-21 00:00:00,21833714841,Lido,liquid_staking,lido
2026-04-22 00:00:00,21801017652,Lido,liquid_staking,lido
2026-04-23 00:00:00,22211076930,Lido,liquid_staking,lido
2026-04-24 00:00:00,21871793896,Lido,liquid_staking,lido
2026-04-25 00:00:00,21684192309,Lido,liquid_staking,lido
2026-04-26 00:00:00,21656804884,Lido,liquid_staking,lido
2026-04-27 00:00:00,22160224251,Lido,liquid_staking,lido
2026-04-28 00:00:00,21546181742,Lido,liquid_staking,lido
2026-04-29 00:00:00,21361830662,Lido,liquid_staking,lido
2026-04-30 00:00:00,20915932502,Lido,liquid_staking,lido
2026-05-01 00:00:00,20612767051,Lido,liquid_staking,lido
2026-05-02 00:00:00,20823231009,Lido,liquid_staking,lido
2026-05-03 00:00:00,21024351160,Lido,liquid_staking,lido
2026-05-04 00:00:00,21072424497,Lido,liquid_staking,lido
2026-05-05 00:00:00,21304100288,Lido,liquid_staking,lido
2026-05-06 00:00:00,21413858435,Lido,liquid_staking,lido
2026-05-07 00:00:00,21205758245,Lido,liquid_staking,lido
2026-05-08 00:00:00,20239417960,Lido,liquid_staking,lido
2026-05-09 00:00:00,20376089786,Lido,liquid_staking,lido
2026-05-10 00:00:00,20466751510,Lido,liquid_staking,lido
2026-05-11 00:00:00,20755130633,Lido,liquid_staking,lido
2026-05-12 00:00:00,20495733191,Lido,liquid_staking,lido
2026-05-13 00:00:00,20015760669,Lido,liquid_staking,lido
2026-05-14 00:00:00,19810253674,Lido,liquid_staking,lido
2026-05-15 00:00:00,20045016403,Lido,liquid_staking,lido
2026-05-16 00:00:00,19515486957,Lido,liquid_staking,lido
2026-05-17 00:00:00,19275178512,Lido,liquid_staking,lido
2026-05-17 10:30:11,19389634097,Lido,liquid_staking,lido
2021-10-02 00:00:00,11296564,Rocket Pool,liquid_staking,rocket-pool
2021-10-03 00:00:00,11627188,Rocket Pool,liquid_staking,rocket-pool
2021-10-04 00:00:00,11730581,Rocket Pool,liquid_staking,rocket-pool
2021-10-05 00:00:00,11665084,Rocket Pool,liquid_staking,rocket-pool
2021-10-06 00:00:00,12037052,Rocket Pool,liquid_staking,rocket-pool
2021-10-07 00:00:00,12324186,Rocket Pool,liquid_staking,rocket-pool
2021-10-08 00:00:00,12308380,Rocket Pool,liquid_staking,rocket-pool
2021-10-09 00:00:00,12220585,Rocket Pool,liquid_staking,rocket-pool
2021-10-10 00:00:00,12297189,Rocket Pool,liquid_staking,rocket-pool
2021-10-11 00:00:00,11736230,Rocket Pool,liquid_staking,rocket-pool
2021-10-12 00:00:00,12139485,Rocket Pool,liquid_staking,rocket-pool
2021-10-13 00:00:00,11993531,Rocket Pool,liquid_staking,rocket-pool
2021-10-14 00:00:00,12351569,Rocket Pool,liquid_staking,rocket-pool
2021-10-15 00:00:00,12978855,Rocket Pool,liquid_staking,rocket-pool
2021-10-16 00:00:00,13245422,Rocket Pool,liquid_staking,rocket-pool
2021-10-17 00:00:00,13185840,Rocket Pool,liquid_staking,rocket-pool
2021-10-18 00:00:00,13160022,Rocket Pool,liquid_staking,rocket-pool
2021-10-19 00:00:00,12842070,Rocket Pool,liquid_staking,rocket-pool
2021-10-20 00:00:00,13232258,Rocket Pool,liquid_staking,rocket-pool
2021-10-21 00:00:00,14239189,Rocket Pool,liquid_staking,rocket-pool
2021-10-22 00:00:00,14023514,Rocket Pool,liquid_staking,rocket-pool
2021-10-23 00:00:00,13652931,Rocket Pool,liquid_staking,rocket-pool
2021-10-24 00:00:00,14251391,Rocket Pool,liquid_staking,rocket-pool
2021-10-25 00:00:00,14050079,Rocket Pool,liquid_staking,rocket-pool
2021-10-26 00:00:00,14480882,Rocket Pool,liquid_staking,rocket-pool
2021-10-27 00:00:00,14192874,Rocket Pool,liquid_staking,rocket-pool
2021-10-28 00:00:00,13487888,Rocket Pool,liquid_staking,rocket-pool
2021-10-29 00:00:00,14676750,Rocket Pool,liquid_staking,rocket-pool
2021-10-30 00:00:00,15141931,Rocket Pool,liquid_staking,rocket-pool
2021-10-31 00:00:00,14714266,Rocket Pool,liquid_staking,rocket-pool
2021-11-01 00:00:00,14778053,Rocket Pool,liquid_staking,rocket-pool
2021-11-02 00:00:00,14817779,Rocket Pool,liquid_staking,rocket-pool
2021-11-03 00:00:00,15668583,Rocket Pool,liquid_staking,rocket-pool
2021-11-04 00:00:00,15746424,Rocket Pool,liquid_staking,rocket-pool
2021-11-05 00:00:00,15665112,Rocket Pool,liquid_staking,rocket-pool
2021-11-06 00:00:00,15372403,Rocket Pool,liquid_staking,rocket-pool
2021-11-07 00:00:00,15499509,Rocket Pool,liquid_staking,rocket-pool
2021-11-08 00:00:00,15848023,Rocket Pool,liquid_staking,rocket-pool
2021-11-09 00:00:00,16448392,Rocket Pool,liquid_staking,rocket-pool
2021-11-10 00:00:00,330530244,Rocket Pool,liquid_staking,rocket-pool
2021-11-11 00:00:00,357089514,Rocket Pool,liquid_staking,rocket-pool
2021-11-12 00:00:00,377641571,Rocket Pool,liquid_staking,rocket-pool
2021-11-13 00:00:00,385334038,Rocket Pool,liquid_staking,rocket-pool
2021-11-14 00:00:00,390191000,Rocket Pool,liquid_staking,rocket-pool
2021-11-15 00:00:00,418104303,Rocket Pool,liquid_staking,rocket-pool
2021-11-16 00:00:00,420005552,Rocket Pool,liquid_staking,rocket-pool
2021-11-17 00:00:00,391543194,Rocket Pool,liquid_staking,rocket-pool
2021-11-18 00:00:00,396947707,Rocket Pool,liquid_staking,rocket-pool
2021-11-19 00:00:00,377616304,Rocket Pool,liquid_staking,rocket-pool
2021-11-20 00:00:00,411040874,Rocket Pool,liquid_staking,rocket-pool
2021-11-21 00:00:00,434108409,Rocket Pool,liquid_staking,rocket-pool
2021-11-22 00:00:00,430365660,Rocket Pool,liquid_staking,rocket-pool
2021-11-23 00:00:00,415547852,Rocket Pool,liquid_staking,rocket-pool
2021-11-24 00:00:00,449389341,Rocket Pool,liquid_staking,rocket-pool
2021-11-25 00:00:00,443370024,Rocket Pool,liquid_staking,rocket-pool
2021-11-26 00:00:00,472745100,Rocket Pool,liquid_staking,rocket-pool
2021-11-27 00:00:00,423873890,Rocket Pool,liquid_staking,rocket-pool
2021-11-28 00:00:00,427043780,Rocket Pool,liquid_staking,rocket-pool
2021-11-29 00:00:00,454504357,Rocket Pool,liquid_staking,rocket-pool
2021-11-30 00:00:00,477491641,Rocket Pool,liquid_staking,rocket-pool
2021-12-01 00:00:00,501336016,Rocket Pool,liquid_staking,rocket-pool
2021-12-02 00:00:00,495030870,Rocket Pool,liquid_staking,rocket-pool
2021-12-03 00:00:00,493021730,Rocket Pool,liquid_staking,rocket-pool
2021-12-04 00:00:00,462809442,Rocket Pool,liquid_staking,rocket-pool
2021-12-05 00:00:00,458125906,Rocket Pool,liquid_staking,rocket-pool
2021-12-06 00:00:00,485581529,Rocket Pool,liquid_staking,rocket-pool
2021-12-07 00:00:00,509533513,Rocket Pool,liquid_staking,rocket-pool
2021-12-08 00:00:00,519563494,Rocket Pool,liquid_staking,rocket-pool
2021-12-09 00:00:00,541806148,Rocket Pool,liquid_staking,rocket-pool
2021-12-10 00:00:00,511045391,Rocket Pool,liquid_staking,rocket-pool
2021-12-11 00:00:00,490780676,Rocket Pool,liquid_staking,rocket-pool
2021-12-12 00:00:00,503793370,Rocket Pool,liquid_staking,rocket-pool
2021-12-13 00:00:00,522872101,Rocket Pool,liquid_staking,rocket-pool
2021-12-14 00:00:00,478235579,Rocket Pool,liquid_staking,rocket-pool
2021-12-15 00:00:00,486557214,Rocket Pool,liquid_staking,rocket-pool
2021-12-16 00:00:00,509457753,Rocket Pool,liquid_staking,rocket-pool
2021-12-17 00:00:00,527674798,Rocket Pool,liquid_staking,rocket-pool
2021-12-18 00:00:00,516566201,Rocket Pool,liquid_staking,rocket-pool
2021-12-19 00:00:00,551758554,Rocket Pool,liquid_staking,rocket-pool
2021-12-20 00:00:00,637283485,Rocket Pool,liquid_staking,rocket-pool
2021-12-21 00:00:00,638093294,Rocket Pool,liquid_staking,rocket-pool
2021-12-22 00:00:00,651530919,Rocket Pool,liquid_staking,rocket-pool
2021-12-23 00:00:00,653307084,Rocket Pool,liquid_staking,rocket-pool
2021-12-24 00:00:00,674061415,Rocket Pool,liquid_staking,rocket-pool
2021-12-25 00:00:00,667801303,Rocket Pool,liquid_staking,rocket-pool
2021-12-26 00:00:00,676156546,Rocket Pool,liquid_staking,rocket-pool
2021-12-27 00:00:00,680070967,Rocket Pool,liquid_staking,rocket-pool
2021-12-28 00:00:00,675890002,Rocket Pool,liquid_staking,rocket-pool
2021-12-29 00:00:00,640915364,Rocket Pool,liquid_staking,rocket-pool
2021-12-30 00:00:00,615745559,Rocket Pool,liquid_staking,rocket-pool
2021-12-31 00:00:00,625373897,Rocket Pool,liquid_staking,rocket-pool
2022-01-01 00:00:00,620456113,Rocket Pool,liquid_staking,rocket-pool
2022-01-02 00:00:00,638853822,Rocket Pool,liquid_staking,rocket-pool
2022-01-03 00:00:00,658788938,Rocket Pool,liquid_staking,rocket-pool
2022-01-04 00:00:00,649956080,Rocket Pool,liquid_staking,rocket-pool
2022-01-05 00:00:00,655769774,Rocket Pool,liquid_staking,rocket-pool
2022-01-06 00:00:00,617666818,Rocket Pool,liquid_staking,rocket-pool
2022-01-07 00:00:00,599799453,Rocket Pool,liquid_staking,rocket-pool
2022-01-08 00:00:00,560911596,Rocket Pool,liquid_staking,rocket-pool
2022-01-09 00:00:00,564427862,Rocket Pool,liquid_staking,rocket-pool
2022-01-10 00:00:00,578048277,Rocket Pool,liquid_staking,rocket-pool
2022-01-11 00:00:00,563713120,Rocket Pool,liquid_staking,rocket-pool
2022-01-12 00:00:00,595936686,Rocket Pool,liquid_staking,rocket-pool
2022-01-13 00:00:00,621135855,Rocket Pool,liquid_staking,rocket-pool
2022-01-14 00:00:00,600666144,Rocket Pool,liquid_staking,rocket-pool
2022-01-15 00:00:00,610698267,Rocket Pool,liquid_staking,rocket-pool
2022-01-16 00:00:00,619499309,Rocket Pool,liquid_staking,rocket-pool
2022-01-17 00:00:00,624811900,Rocket Pool,liquid_staking,rocket-pool
2022-01-18 00:00:00,600219878,Rocket Pool,liquid_staking,rocket-pool
2022-01-19 00:00:00,591010021,Rocket Pool,liquid_staking,rocket-pool
2022-01-20 00:00:00,581699835,Rocket Pool,liquid_staking,rocket-pool
2022-01-21 00:00:00,562429249,Rocket Pool,liquid_staking,rocket-pool
2022-01-22 00:00:00,471059863,Rocket Pool,liquid_staking,rocket-pool
2022-01-23 00:00:00,440247162,Rocket Pool,liquid_staking,rocket-pool
2022-01-24 00:00:00,497737724,Rocket Pool,liquid_staking,rocket-pool
2022-01-25 00:00:00,467281808,Rocket Pool,liquid_staking,rocket-pool
2022-01-26 00:00:00,493452267,Rocket Pool,liquid_staking,rocket-pool
2022-01-27 00:00:00,495092658,Rocket Pool,liquid_staking,rocket-pool
2022-01-28 00:00:00,472958440,Rocket Pool,liquid_staking,rocket-pool
2022-01-29 00:00:00,521281451,Rocket Pool,liquid_staking,rocket-pool
2022-01-30 00:00:00,530846850,Rocket Pool,liquid_staking,rocket-pool
2022-01-31 00:00:00,541825773,Rocket Pool,liquid_staking,rocket-pool
2022-02-01 00:00:00,559502630,Rocket Pool,liquid_staking,rocket-pool
2022-02-02 00:00:00,581208678,Rocket Pool,liquid_staking,rocket-pool
2022-02-03 00:00:00,570874282,Rocket Pool,liquid_staking,rocket-pool
2022-02-04 00:00:00,563464399,Rocket Pool,liquid_staking,rocket-pool
2022-02-05 00:00:00,632449378,Rocket Pool,liquid_staking,rocket-pool
2022-02-06 00:00:00,639837124,Rocket Pool,liquid_staking,rocket-pool
2022-02-07 00:00:00,649377713,Rocket Pool,liquid_staking,rocket-pool
2022-02-08 00:00:00,668266708,Rocket Pool,liquid_staking,rocket-pool
2022-02-09 00:00:00,668490357,Rocket Pool,liquid_staking,rocket-pool
2022-02-10 00:00:00,693221167,Rocket Pool,liquid_staking,rocket-pool
2022-02-11 00:00:00,658555825,Rocket Pool,liquid_staking,rocket-pool
2022-02-12 00:00:00,629157750,Rocket Pool,liquid_staking,rocket-pool
2022-02-13 00:00:00,640694441,Rocket Pool,liquid_staking,rocket-pool
2022-02-14 00:00:00,645074985,Rocket Pool,liquid_staking,rocket-pool
2022-02-15 00:00:00,656620463,Rocket Pool,liquid_staking,rocket-pool
2022-02-16 00:00:00,712902994,Rocket Pool,liquid_staking,rocket-pool
2022-02-17 00:00:00,700345260,Rocket Pool,liquid_staking,rocket-pool
2022-02-18 00:00:00,645050065,Rocket Pool,liquid_staking,rocket-pool
2022-02-19 00:00:00,625419721,Rocket Pool,liquid_staking,rocket-pool
2022-02-20 00:00:00,622898094,Rocket Pool,liquid_staking,rocket-pool
2022-02-21 00:00:00,594856756,Rocket Pool,liquid_staking,rocket-pool
2022-02-22 00:00:00,581639209,Rocket Pool,liquid_staking,rocket-pool
2022-02-23 00:00:00,596502775,Rocket Pool,liquid_staking,rocket-pool
2022-02-24 00:00:00,586515104,Rocket Pool,liquid_staking,rocket-pool
2022-02-25 00:00:00,590740245,Rocket Pool,liquid_staking,rocket-pool
2022-02-26 00:00:00,630428251,Rocket Pool,liquid_staking,rocket-pool
2022-02-27 00:00:00,631339644,Rocket Pool,liquid_staking,rocket-pool
2022-02-28 00:00:00,596165775,Rocket Pool,liquid_staking,rocket-pool
2022-03-01 00:00:00,664000956,Rocket Pool,liquid_staking,rocket-pool
2022-03-02 00:00:00,676607562,Rocket Pool,liquid_staking,rocket-pool
2022-03-03 00:00:00,673596477,Rocket Pool,liquid_staking,rocket-pool
2022-03-04 00:00:00,647499421,Rocket Pool,liquid_staking,rocket-pool
2022-03-05 00:00:00,598340240,Rocket Pool,liquid_staking,rocket-pool
2022-03-06 00:00:00,610251658,Rocket Pool,liquid_staking,rocket-pool
2022-03-07 00:00:00,584438773,Rocket Pool,liquid_staking,rocket-pool
2022-03-08 00:00:00,571622716,Rocket Pool,liquid_staking,rocket-pool
2022-03-09 00:00:00,589723019,Rocket Pool,liquid_staking,rocket-pool
2022-03-10 00:00:00,624300879,Rocket Pool,liquid_staking,rocket-pool
2022-03-11 00:00:00,598255041,Rocket Pool,liquid_staking,rocket-pool
2022-03-12 00:00:00,588187491,Rocket Pool,liquid_staking,rocket-pool
2022-03-13 00:00:00,592057575,Rocket Pool,liquid_staking,rocket-pool
2022-03-14 00:00:00,579997223,Rocket Pool,liquid_staking,rocket-pool
2022-03-15 00:00:00,597973669,Rocket Pool,liquid_staking,rocket-pool
2022-03-16 00:00:00,606889329,Rocket Pool,liquid_staking,rocket-pool
2022-03-17 00:00:00,643156597,Rocket Pool,liquid_staking,rocket-pool
2022-03-18 00:00:00,657148601,Rocket Pool,liquid_staking,rocket-pool
2022-03-19 00:00:00,688755272,Rocket Pool,liquid_staking,rocket-pool
2022-03-20 00:00:00,692177013,Rocket Pool,liquid_staking,rocket-pool
2022-03-21 00:00:00,674672417,Rocket Pool,liquid_staking,rocket-pool
2022-03-22 00:00:00,684168678,Rocket Pool,liquid_staking,rocket-pool
2022-03-23 00:00:00,720700130,Rocket Pool,liquid_staking,rocket-pool
2022-03-24 00:00:00,735117999,Rocket Pool,liquid_staking,rocket-pool
2022-03-25 00:00:00,757501743,Rocket Pool,liquid_staking,rocket-pool
2022-03-26 00:00:00,756811588,Rocket Pool,liquid_staking,rocket-pool
2022-03-27 00:00:00,765284611,Rocket Pool,liquid_staking,rocket-pool
2022-03-28 00:00:00,802624049,Rocket Pool,liquid_staking,rocket-pool
2022-03-29 00:00:00,813625913,Rocket Pool,liquid_staking,rocket-pool
2022-03-30 00:00:00,829294804,Rocket Pool,liquid_staking,rocket-pool
2022-03-31 00:00:00,827318535,Rocket Pool,liquid_staking,rocket-pool
2022-04-01 00:00:00,803812322,Rocket Pool,liquid_staking,rocket-pool
2022-04-02 00:00:00,842102035,Rocket Pool,liquid_staking,rocket-pool
2022-04-03 00:00:00,844360235,Rocket Pool,liquid_staking,rocket-pool
2022-04-04 00:00:00,865613552,Rocket Pool,liquid_staking,rocket-pool
2022-04-05 00:00:00,869490171,Rocket Pool,liquid_staking,rocket-pool
2022-04-06 00:00:00,844499014,Rocket Pool,liquid_staking,rocket-pool
2022-04-07 00:00:00,785718702,Rocket Pool,liquid_staking,rocket-pool
2022-04-08 00:00:00,801914839,Rocket Pool,liquid_staking,rocket-pool
2022-04-09 00:00:00,789346357,Rocket Pool,liquid_staking,rocket-pool
2022-04-10 00:00:00,809464935,Rocket Pool,liquid_staking,rocket-pool
2022-04-11 00:00:00,801262913,Rocket Pool,liquid_staking,rocket-pool
2022-04-12 00:00:00,744144460,Rocket Pool,liquid_staking,rocket-pool
2022-04-13 00:00:00,756971815,Rocket Pool,liquid_staking,rocket-pool
2022-04-14 00:00:00,781464232,Rocket Pool,liquid_staking,rocket-pool
2022-04-15 00:00:00,756796813,Rocket Pool,liquid_staking,rocket-pool
2022-04-16 00:00:00,764525393,Rocket Pool,liquid_staking,rocket-pool
2022-04-17 00:00:00,773582863,Rocket Pool,liquid_staking,rocket-pool
2022-04-18 00:00:00,754091279,Rocket Pool,liquid_staking,rocket-pool
2022-04-19 00:00:00,771125238,Rocket Pool,liquid_staking,rocket-pool
2022-04-20 00:00:00,783017419,Rocket Pool,liquid_staking,rocket-pool
2022-04-21 00:00:00,781716108,Rocket Pool,liquid_staking,rocket-pool
2022-04-22 00:00:00,757389270,Rocket Pool,liquid_staking,rocket-pool
2022-04-23 00:00:00,752678119,Rocket Pool,liquid_staking,rocket-pool
2022-04-24 00:00:00,746851328,Rocket Pool,liquid_staking,rocket-pool
2022-04-25 00:00:00,743682803,Rocket Pool,liquid_staking,rocket-pool
2022-04-26 00:00:00,767283812,Rocket Pool,liquid_staking,rocket-pool
2022-04-27 00:00:00,720635136,Rocket Pool,liquid_staking,rocket-pool
2022-04-28 00:00:00,743303077,Rocket Pool,liquid_staking,rocket-pool
2022-04-29 00:00:00,756573747,Rocket Pool,liquid_staking,rocket-pool
2022-04-30 00:00:00,726800755,Rocket Pool,liquid_staking,rocket-pool
2022-05-01 00:00:00,706007385,Rocket Pool,liquid_staking,rocket-pool
2022-05-02 00:00:00,731530528,Rocket Pool,liquid_staking,rocket-pool
2022-05-03 00:00:00,739890074,Rocket Pool,liquid_staking,rocket-pool
2022-05-04 00:00:00,719586432,Rocket Pool,liquid_staking,rocket-pool
2022-05-05 00:00:00,760533485,Rocket Pool,liquid_staking,rocket-pool
2022-05-06 00:00:00,710966855,Rocket Pool,liquid_staking,rocket-pool
2022-05-07 00:00:00,699250246,Rocket Pool,liquid_staking,rocket-pool
2022-05-08 00:00:00,685264393,Rocket Pool,liquid_staking,rocket-pool
2022-05-09 00:00:00,657609240,Rocket Pool,liquid_staking,rocket-pool
2022-05-10 00:00:00,585286302,Rocket Pool,liquid_staking,rocket-pool
2022-05-11 00:00:00,607419908,Rocket Pool,liquid_staking,rocket-pool
2022-05-12 00:00:00,535029647,Rocket Pool,liquid_staking,rocket-pool
2022-05-13 00:00:00,509587448,Rocket Pool,liquid_staking,rocket-pool
2022-05-14 00:00:00,551550213,Rocket Pool,liquid_staking,rocket-pool
2022-05-15 00:00:00,567183065,Rocket Pool,liquid_staking,rocket-pool
2022-05-16 00:00:00,589173156,Rocket Pool,liquid_staking,rocket-pool
2022-05-17 00:00:00,558632579,Rocket Pool,liquid_staking,rocket-pool
2022-05-18 00:00:00,578552253,Rocket Pool,liquid_staking,rocket-pool
2022-05-19 00:00:00,533194778,Rocket Pool,liquid_staking,rocket-pool
2022-05-20 00:00:00,559199442,Rocket Pool,liquid_staking,rocket-pool
2022-05-21 00:00:00,546324453,Rocket Pool,liquid_staking,rocket-pool
2022-05-22 00:00:00,550624032,Rocket Pool,liquid_staking,rocket-pool
2022-05-23 00:00:00,575355675,Rocket Pool,liquid_staking,rocket-pool
2022-05-24 00:00:00,557105903,Rocket Pool,liquid_staking,rocket-pool
2022-05-25 00:00:00,557953349,Rocket Pool,liquid_staking,rocket-pool
2022-05-26 00:00:00,547918013,Rocket Pool,liquid_staking,rocket-pool
2022-05-27 00:00:00,509499199,Rocket Pool,liquid_staking,rocket-pool
2022-05-28 00:00:00,490082800,Rocket Pool,liquid_staking,rocket-pool
2022-05-29 00:00:00,510312892,Rocket Pool,liquid_staking,rocket-pool
2022-05-30 00:00:00,516035048,Rocket Pool,liquid_staking,rocket-pool
2022-05-31 00:00:00,570215786,Rocket Pool,liquid_staking,rocket-pool
2022-06-01 00:00:00,554463437,Rocket Pool,liquid_staking,rocket-pool
2022-06-02 00:00:00,522268029,Rocket Pool,liquid_staking,rocket-pool
2022-06-03 00:00:00,524505874,Rocket Pool,liquid_staking,rocket-pool
2022-06-04 00:00:00,508804153,Rocket Pool,liquid_staking,rocket-pool
2022-06-05 00:00:00,517559381,Rocket Pool,liquid_staking,rocket-pool
2022-06-06 00:00:00,518095538,Rocket Pool,liquid_staking,rocket-pool
2022-06-07 00:00:00,533391873,Rocket Pool,liquid_staking,rocket-pool
2022-06-08 00:00:00,522092297,Rocket Pool,liquid_staking,rocket-pool
2022-06-09 00:00:00,515143196,Rocket Pool,liquid_staking,rocket-pool
2022-06-10 00:00:00,514279722,Rocket Pool,liquid_staking,rocket-pool
2022-06-11 00:00:00,478478501,Rocket Pool,liquid_staking,rocket-pool
2022-06-12 00:00:00,439349589,Rocket Pool,liquid_staking,rocket-pool
2022-06-13 00:00:00,416514453,Rocket Pool,liquid_staking,rocket-pool
2022-06-14 00:00:00,348762883,Rocket Pool,liquid_staking,rocket-pool
2022-06-15 00:00:00,349979195,Rocket Pool,liquid_staking,rocket-pool
2022-06-16 00:00:00,356169440,Rocket Pool,liquid_staking,rocket-pool
2022-06-17 00:00:00,308183780,Rocket Pool,liquid_staking,rocket-pool
2022-06-18 00:00:00,314446990,Rocket Pool,liquid_staking,rocket-pool
2022-06-19 00:00:00,287946525,Rocket Pool,liquid_staking,rocket-pool
2022-06-20 00:00:00,325709136,Rocket Pool,liquid_staking,rocket-pool
2022-06-21 00:00:00,327775468,Rocket Pool,liquid_staking,rocket-pool
2022-06-22 00:00:00,324896594,Rocket Pool,liquid_staking,rocket-pool
2022-06-23 00:00:00,304371657,Rocket Pool,liquid_staking,rocket-pool
2022-06-24 00:00:00,331335703,Rocket Pool,liquid_staking,rocket-pool
2022-06-25 00:00:00,355578787,Rocket Pool,liquid_staking,rocket-pool
2022-06-26 00:00:00,360240063,Rocket Pool,liquid_staking,rocket-pool
2022-06-27 00:00:00,347859232,Rocket Pool,liquid_staking,rocket-pool
2022-06-28 00:00:00,345916798,Rocket Pool,liquid_staking,rocket-pool
2022-06-29 00:00:00,332350970,Rocket Pool,liquid_staking,rocket-pool
2022-06-30 00:00:00,319966114,Rocket Pool,liquid_staking,rocket-pool
2022-07-01 00:00:00,322463621,Rocket Pool,liquid_staking,rocket-pool
2022-07-02 00:00:00,325769130,Rocket Pool,liquid_staking,rocket-pool
2022-07-03 00:00:00,327227498,Rocket Pool,liquid_staking,rocket-pool
2022-07-04 00:00:00,329593946,Rocket Pool,liquid_staking,rocket-pool
2022-07-05 00:00:00,353739107,Rocket Pool,liquid_staking,rocket-pool
2022-07-06 00:00:00,348401139,Rocket Pool,liquid_staking,rocket-pool
2022-07-07 00:00:00,365117905,Rocket Pool,liquid_staking,rocket-pool
2022-07-08 00:00:00,381254569,Rocket Pool,liquid_staking,rocket-pool
2022-07-09 00:00:00,378090358,Rocket Pool,liquid_staking,rocket-pool
2022-07-10 00:00:00,374697445,Rocket Pool,liquid_staking,rocket-pool
2022-07-11 00:00:00,359311460,Rocket Pool,liquid_staking,rocket-pool
2022-07-12 00:00:00,337139382,Rocket Pool,liquid_staking,rocket-pool
2022-07-13 00:00:00,321818531,Rocket Pool,liquid_staking,rocket-pool
2022-07-14 00:00:00,345510251,Rocket Pool,liquid_staking,rocket-pool
2022-07-15 00:00:00,370538423,Rocket Pool,liquid_staking,rocket-pool
2022-07-16 00:00:00,384932670,Rocket Pool,liquid_staking,rocket-pool
2022-07-17 00:00:00,422741746,Rocket Pool,liquid_staking,rocket-pool
2022-07-18 00:00:00,417228455,Rocket Pool,liquid_staking,rocket-pool
2022-07-19 00:00:00,494555606,Rocket Pool,liquid_staking,rocket-pool
2022-07-20 00:00:00,481248422,Rocket Pool,liquid_staking,rocket-pool
2022-07-21 00:00:00,474943420,Rocket Pool,liquid_staking,rocket-pool
2022-07-22 00:00:00,492196643,Rocket Pool,liquid_staking,rocket-pool
2022-07-23 00:00:00,480225333,Rocket Pool,liquid_staking,rocket-pool
2022-07-24 00:00:00,484969648,Rocket Pool,liquid_staking,rocket-pool
2022-07-25 00:00:00,500026517,Rocket Pool,liquid_staking,rocket-pool
2022-07-26 00:00:00,451288158,Rocket Pool,liquid_staking,rocket-pool
2022-07-27 00:00:00,450886123,Rocket Pool,liquid_staking,rocket-pool
2022-07-28 00:00:00,514480537,Rocket Pool,liquid_staking,rocket-pool
2022-07-29 00:00:00,543874843,Rocket Pool,liquid_staking,rocket-pool
2022-07-30 00:00:00,547349654,Rocket Pool,liquid_staking,rocket-pool
2022-07-31 00:00:00,535862664,Rocket Pool,liquid_staking,rocket-pool
2022-08-01 00:00:00,532825603,Rocket Pool,liquid_staking,rocket-pool
2022-08-02 00:00:00,517702507,Rocket Pool,liquid_staking,rocket-pool
2022-08-03 00:00:00,517323450,Rocket Pool,liquid_staking,rocket-pool
2022-08-04 00:00:00,512705674,Rocket Pool,liquid_staking,rocket-pool
2022-08-05 00:00:00,510134123,Rocket Pool,liquid_staking,rocket-pool
2022-08-06 00:00:00,548130549,Rocket Pool,liquid_staking,rocket-pool
2022-08-07 00:00:00,534588087,Rocket Pool,liquid_staking,rocket-pool
2022-08-08 00:00:00,537318002,Rocket Pool,liquid_staking,rocket-pool
2022-08-09 00:00:00,561680795,Rocket Pool,liquid_staking,rocket-pool
2022-08-10 00:00:00,540572488,Rocket Pool,liquid_staking,rocket-pool
2022-08-11 00:00:00,585621527,Rocket Pool,liquid_staking,rocket-pool
2022-08-12 00:00:00,595249723,Rocket Pool,liquid_staking,rocket-pool
2022-08-13 00:00:00,620189304,Rocket Pool,liquid_staking,rocket-pool
2022-08-14 00:00:00,627669213,Rocket Pool,liquid_staking,rocket-pool
2022-08-15 00:00:00,612959531,Rocket Pool,liquid_staking,rocket-pool
2022-08-16 00:00:00,603369331,Rocket Pool,liquid_staking,rocket-pool
2022-08-17 00:00:00,595143347,Rocket Pool,liquid_staking,rocket-pool
2022-08-18 00:00:00,584727071,Rocket Pool,liquid_staking,rocket-pool
2022-08-19 00:00:00,590791772,Rocket Pool,liquid_staking,rocket-pool
2022-08-20 00:00:00,516112669,Rocket Pool,liquid_staking,rocket-pool
2022-08-21 00:00:00,503794293,Rocket Pool,liquid_staking,rocket-pool
2022-08-22 00:00:00,519825808,Rocket Pool,liquid_staking,rocket-pool
2022-08-23 00:00:00,520267604,Rocket Pool,liquid_staking,rocket-pool
2022-08-24 00:00:00,533713260,Rocket Pool,liquid_staking,rocket-pool
2022-08-25 00:00:00,531258945,Rocket Pool,liquid_staking,rocket-pool
2022-08-26 00:00:00,543773713,Rocket Pool,liquid_staking,rocket-pool
2022-08-27 00:00:00,484601377,Rocket Pool,liquid_staking,rocket-pool
2022-08-28 00:00:00,480105610,Rocket Pool,liquid_staking,rocket-pool
2022-08-29 00:00:00,461204701,Rocket Pool,liquid_staking,rocket-pool
2022-08-30 00:00:00,499497316,Rocket Pool,liquid_staking,rocket-pool
2022-08-31 00:00:00,489665952,Rocket Pool,liquid_staking,rocket-pool
2022-09-01 00:00:00,499032948,Rocket Pool,liquid_staking,rocket-pool
2022-09-02 00:00:00,512126094,Rocket Pool,liquid_staking,rocket-pool
2022-09-03 00:00:00,509422499,Rocket Pool,liquid_staking,rocket-pool
2022-09-04 00:00:00,504244502,Rocket Pool,liquid_staking,rocket-pool
2022-09-05 00:00:00,509652705,Rocket Pool,liquid_staking,rocket-pool
2022-09-06 00:00:00,522263441,Rocket Pool,liquid_staking,rocket-pool
2022-09-07 00:00:00,506355413,Rocket Pool,liquid_staking,rocket-pool
2022-09-08 00:00:00,528667544,Rocket Pool,liquid_staking,rocket-pool
2022-09-09 00:00:00,531309963,Rocket Pool,liquid_staking,rocket-pool
2022-09-10 00:00:00,561353191,Rocket Pool,liquid_staking,rocket-pool
2022-09-11 00:00:00,580733770,Rocket Pool,liquid_staking,rocket-pool
2022-09-12 00:00:00,574243513,Rocket Pool,liquid_staking,rocket-pool
2022-09-13 00:00:00,561209918,Rocket Pool,liquid_staking,rocket-pool
2022-09-14 00:00:00,514294450,Rocket Pool,liquid_staking,rocket-pool
2022-09-15 00:00:00,534297098,Rocket Pool,liquid_staking,rocket-pool
2022-09-16 00:00:00,481115539,Rocket Pool,liquid_staking,rocket-pool
2022-09-17 00:00:00,468091106,Rocket Pool,liquid_staking,rocket-pool
2022-09-18 00:00:00,481488532,Rocket Pool,liquid_staking,rocket-pool
2022-09-19 00:00:00,437992766,Rocket Pool,liquid_staking,rocket-pool
2022-09-20 00:00:00,451889512,Rocket Pool,liquid_staking,rocket-pool
2022-09-21 00:00:00,454686239,Rocket Pool,liquid_staking,rocket-pool
2022-09-22 00:00:00,429911584,Rocket Pool,liquid_staking,rocket-pool
2022-09-23 00:00:00,456937347,Rocket Pool,liquid_staking,rocket-pool
2022-09-24 00:00:00,456260007,Rocket Pool,liquid_staking,rocket-pool
2022-09-25 00:00:00,453952038,Rocket Pool,liquid_staking,rocket-pool
2022-09-26 00:00:00,446712688,Rocket Pool,liquid_staking,rocket-pool
2022-09-27 00:00:00,461090012,Rocket Pool,liquid_staking,rocket-pool
2022-09-28 00:00:00,459929780,Rocket Pool,liquid_staking,rocket-pool
2022-09-29 00:00:00,465484630,Rocket Pool,liquid_staking,rocket-pool
2022-09-30 00:00:00,490940476,Rocket Pool,liquid_staking,rocket-pool
2022-10-01 00:00:00,493150640,Rocket Pool,liquid_staking,rocket-pool
2022-10-02 00:00:00,488244435,Rocket Pool,liquid_staking,rocket-pool
2022-10-03 00:00:00,477136668,Rocket Pool,liquid_staking,rocket-pool
2022-10-04 00:00:00,494700214,Rocket Pool,liquid_staking,rocket-pool
2022-10-05 00:00:00,511074153,Rocket Pool,liquid_staking,rocket-pool
2022-10-06 00:00:00,506405975,Rocket Pool,liquid_staking,rocket-pool
2022-10-07 00:00:00,508535584,Rocket Pool,liquid_staking,rocket-pool
2022-10-08 00:00:00,496598386,Rocket Pool,liquid_staking,rocket-pool
2022-10-09 00:00:00,494654222,Rocket Pool,liquid_staking,rocket-pool
2022-10-10 00:00:00,499868432,Rocket Pool,liquid_staking,rocket-pool
2022-10-11 00:00:00,488291602,Rocket Pool,liquid_staking,rocket-pool
2022-10-12 00:00:00,488533244,Rocket Pool,liquid_staking,rocket-pool
2022-10-13 00:00:00,490423351,Rocket Pool,liquid_staking,rocket-pool
2022-10-14 00:00:00,489114619,Rocket Pool,liquid_staking,rocket-pool
2022-10-15 00:00:00,492715586,Rocket Pool,liquid_staking,rocket-pool
2022-10-16 00:00:00,483656949,Rocket Pool,liquid_staking,rocket-pool
2022-10-17 00:00:00,497753300,Rocket Pool,liquid_staking,rocket-pool
2022-10-18 00:00:00,505319353,Rocket Pool,liquid_staking,rocket-pool
2022-10-19 00:00:00,495134895,Rocket Pool,liquid_staking,rocket-pool
2022-10-20 00:00:00,488692139,Rocket Pool,liquid_staking,rocket-pool
2022-10-21 00:00:00,487930976,Rocket Pool,liquid_staking,rocket-pool
2022-10-22 00:00:00,493214344,Rocket Pool,liquid_staking,rocket-pool
2022-10-23 00:00:00,499258305,Rocket Pool,liquid_staking,rocket-pool
2022-10-24 00:00:00,519870697,Rocket Pool,liquid_staking,rocket-pool
2022-10-25 00:00:00,512470356,Rocket Pool,liquid_staking,rocket-pool
2022-10-26 00:00:00,556966518,Rocket Pool,liquid_staking,rocket-pool
2022-10-27 00:00:00,597494116,Rocket Pool,liquid_staking,rocket-pool
2022-10-28 00:00:00,577837064,Rocket Pool,liquid_staking,rocket-pool
2022-10-29 00:00:00,593242213,Rocket Pool,liquid_staking,rocket-pool
2022-10-30 00:00:00,617771003,Rocket Pool,liquid_staking,rocket-pool
2022-10-31 00:00:00,606619930,Rocket Pool,liquid_staking,rocket-pool
2022-11-01 00:00:00,601445590,Rocket Pool,liquid_staking,rocket-pool
2022-11-02 00:00:00,615474919,Rocket Pool,liquid_staking,rocket-pool
2022-11-03 00:00:00,590717952,Rocket Pool,liquid_staking,rocket-pool
2022-11-04 00:00:00,595686551,Rocket Pool,liquid_staking,rocket-pool
2022-11-05 00:00:00,639875644,Rocket Pool,liquid_staking,rocket-pool
2022-11-06 00:00:00,633042384,Rocket Pool,liquid_staking,rocket-pool
2022-11-07 00:00:00,611906265,Rocket Pool,liquid_staking,rocket-pool
2022-11-08 00:00:00,610198382,Rocket Pool,liquid_staking,rocket-pool
2022-11-09 00:00:00,519191672,Rocket Pool,liquid_staking,rocket-pool
2022-11-10 00:00:00,429558308,Rocket Pool,liquid_staking,rocket-pool
2022-11-11 00:00:00,504995680,Rocket Pool,liquid_staking,rocket-pool
2022-11-12 00:00:00,501342936,Rocket Pool,liquid_staking,rocket-pool
2022-11-13 00:00:00,488482026,Rocket Pool,liquid_staking,rocket-pool
2022-11-14 00:00:00,476713521,Rocket Pool,liquid_staking,rocket-pool
2022-11-15 00:00:00,484283005,Rocket Pool,liquid_staking,rocket-pool
2022-11-16 00:00:00,491177545,Rocket Pool,liquid_staking,rocket-pool
2022-11-17 00:00:00,478797599,Rocket Pool,liquid_staking,rocket-pool
2022-11-18 00:00:00,472215455,Rocket Pool,liquid_staking,rocket-pool
2022-11-19 00:00:00,482832762,Rocket Pool,liquid_staking,rocket-pool
2022-11-20 00:00:00,485851252,Rocket Pool,liquid_staking,rocket-pool
2022-11-21 00:00:00,456592736,Rocket Pool,liquid_staking,rocket-pool
2022-11-22 00:00:00,445777909,Rocket Pool,liquid_staking,rocket-pool
2022-11-23 00:00:00,457466237,Rocket Pool,liquid_staking,rocket-pool
2022-11-24 00:00:00,476892581,Rocket Pool,liquid_staking,rocket-pool
2022-11-25 00:00:00,484563519,Rocket Pool,liquid_staking,rocket-pool
2022-11-26 00:00:00,484659220,Rocket Pool,liquid_staking,rocket-pool
2022-11-27 00:00:00,487435483,Rocket Pool,liquid_staking,rocket-pool
2022-11-28 00:00:00,484027981,Rocket Pool,liquid_staking,rocket-pool
2022-11-29 00:00:00,473508173,Rocket Pool,liquid_staking,rocket-pool
2022-11-30 00:00:00,492207590,Rocket Pool,liquid_staking,rocket-pool
2022-12-01 00:00:00,525106799,Rocket Pool,liquid_staking,rocket-pool
2022-12-02 00:00:00,519042030,Rocket Pool,liquid_staking,rocket-pool
2022-12-03 00:00:00,529755744,Rocket Pool,liquid_staking,rocket-pool
2022-12-04 00:00:00,506649446,Rocket Pool,liquid_staking,rocket-pool
2022-12-05 00:00:00,522089824,Rocket Pool,liquid_staking,rocket-pool
2022-12-06 00:00:00,513142761,Rocket Pool,liquid_staking,rocket-pool
2022-12-07 00:00:00,516909255,Rocket Pool,liquid_staking,rocket-pool
2022-12-08 00:00:00,503108024,Rocket Pool,liquid_staking,rocket-pool
2022-12-09 00:00:00,522503311,Rocket Pool,liquid_staking,rocket-pool
2022-12-10 00:00:00,515171832,Rocket Pool,liquid_staking,rocket-pool
2022-12-11 00:00:00,516003637,Rocket Pool,liquid_staking,rocket-pool
2022-12-12 00:00:00,516657652,Rocket Pool,liquid_staking,rocket-pool
2022-12-13 00:00:00,519245444,Rocket Pool,liquid_staking,rocket-pool
2022-12-14 00:00:00,538990396,Rocket Pool,liquid_staking,rocket-pool
2022-12-15 00:00:00,535052852,Rocket Pool,liquid_staking,rocket-pool
2022-12-16 00:00:00,518178814,Rocket Pool,liquid_staking,rocket-pool
2022-12-17 00:00:00,477246356,Rocket Pool,liquid_staking,rocket-pool
2022-12-18 00:00:00,485683144,Rocket Pool,liquid_staking,rocket-pool
2022-12-19 00:00:00,485154034,Rocket Pool,liquid_staking,rocket-pool
2022-12-20 00:00:00,478659747,Rocket Pool,liquid_staking,rocket-pool
2022-12-21 00:00:00,499565435,Rocket Pool,liquid_staking,rocket-pool
2022-12-22 00:00:00,498168662,Rocket Pool,liquid_staking,rocket-pool
2022-12-23 00:00:00,499676459,Rocket Pool,liquid_staking,rocket-pool
2022-12-24 00:00:00,500820704,Rocket Pool,liquid_staking,rocket-pool
2022-12-25 00:00:00,506659368,Rocket Pool,liquid_staking,rocket-pool
2022-12-26 00:00:00,506083675,Rocket Pool,liquid_staking,rocket-pool
2022-12-27 00:00:00,509985735,Rocket Pool,liquid_staking,rocket-pool
2022-12-28 00:00:00,503146210,Rocket Pool,liquid_staking,rocket-pool
2022-12-29 00:00:00,496184671,Rocket Pool,liquid_staking,rocket-pool
2022-12-30 00:00:00,501281345,Rocket Pool,liquid_staking,rocket-pool
2022-12-31 00:00:00,503412701,Rocket Pool,liquid_staking,rocket-pool
2023-01-01 00:00:00,502730135,Rocket Pool,liquid_staking,rocket-pool
2023-01-02 00:00:00,504015963,Rocket Pool,liquid_staking,rocket-pool
2023-01-03 00:00:00,510980845,Rocket Pool,liquid_staking,rocket-pool
2023-01-04 00:00:00,511920508,Rocket Pool,liquid_staking,rocket-pool
2023-01-05 00:00:00,531051872,Rocket Pool,liquid_staking,rocket-pool
2023-01-06 00:00:00,528244132,Rocket Pool,liquid_staking,rocket-pool
2023-01-07 00:00:00,536628535,Rocket Pool,liquid_staking,rocket-pool
2023-01-08 00:00:00,534913457,Rocket Pool,liquid_staking,rocket-pool
2023-01-09 00:00:00,543628972,Rocket Pool,liquid_staking,rocket-pool
2023-01-10 00:00:00,560119266,Rocket Pool,liquid_staking,rocket-pool
2023-01-11 00:00:00,568338254,Rocket Pool,liquid_staking,rocket-pool
2023-01-12 00:00:00,591676123,Rocket Pool,liquid_staking,rocket-pool
2023-01-13 00:00:00,602478137,Rocket Pool,liquid_staking,rocket-pool
2023-01-14 00:00:00,618210815,Rocket Pool,liquid_staking,rocket-pool
2023-01-15 00:00:00,660799598,Rocket Pool,liquid_staking,rocket-pool
2023-01-16 00:00:00,660862250,Rocket Pool,liquid_staking,rocket-pool
2023-01-17 00:00:00,672522650,Rocket Pool,liquid_staking,rocket-pool
2023-01-18 00:00:00,669506561,Rocket Pool,liquid_staking,rocket-pool
2023-01-19 00:00:00,662308720,Rocket Pool,liquid_staking,rocket-pool
2023-01-20 00:00:00,676975037,Rocket Pool,liquid_staking,rocket-pool
2023-01-21 00:00:00,725111247,Rocket Pool,liquid_staking,rocket-pool
2023-01-22 00:00:00,714844620,Rocket Pool,liquid_staking,rocket-pool
2023-01-23 00:00:00,717558622,Rocket Pool,liquid_staking,rocket-pool
2023-01-24 00:00:00,733935871,Rocket Pool,liquid_staking,rocket-pool
2023-01-25 00:00:00,702423418,Rocket Pool,liquid_staking,rocket-pool
2023-01-26 00:00:00,741535275,Rocket Pool,liquid_staking,rocket-pool
2023-01-27 00:00:00,737521121,Rocket Pool,liquid_staking,rocket-pool
2023-01-28 00:00:00,735393817,Rocket Pool,liquid_staking,rocket-pool
2023-01-29 00:00:00,724447459,Rocket Pool,liquid_staking,rocket-pool
2023-01-30 00:00:00,760616925,Rocket Pool,liquid_staking,rocket-pool
2023-01-31 00:00:00,723739397,Rocket Pool,liquid_staking,rocket-pool
2023-02-01 00:00:00,733459889,Rocket Pool,liquid_staking,rocket-pool
2023-02-02 00:00:00,760649702,Rocket Pool,liquid_staking,rocket-pool
2023-02-03 00:00:00,762082423,Rocket Pool,liquid_staking,rocket-pool
2023-02-04 00:00:00,776465967,Rocket Pool,liquid_staking,rocket-pool
2023-02-05 00:00:00,777979401,Rocket Pool,liquid_staking,rocket-pool
2023-02-06 00:00:00,760439129,Rocket Pool,liquid_staking,rocket-pool
2023-02-07 00:00:00,755566102,Rocket Pool,liquid_staking,rocket-pool
2023-02-08 00:00:00,782713026,Rocket Pool,liquid_staking,rocket-pool
2023-02-09 00:00:00,771310027,Rocket Pool,liquid_staking,rocket-pool
2023-02-10 00:00:00,722219096,Rocket Pool,liquid_staking,rocket-pool
2023-02-11 00:00:00,709034502,Rocket Pool,liquid_staking,rocket-pool
2023-02-12 00:00:00,722517705,Rocket Pool,liquid_staking,rocket-pool
2023-02-13 00:00:00,709492645,Rocket Pool,liquid_staking,rocket-pool
2023-02-14 00:00:00,705945827,Rocket Pool,liquid_staking,rocket-pool
2023-02-15 00:00:00,729598680,Rocket Pool,liquid_staking,rocket-pool
2023-02-16 00:00:00,785714848,Rocket Pool,liquid_staking,rocket-pool
2023-02-17 00:00:00,775163057,Rocket Pool,liquid_staking,rocket-pool
2023-02-18 00:00:00,803312460,Rocket Pool,liquid_staking,rocket-pool
2023-02-19 00:00:00,799339694,Rocket Pool,liquid_staking,rocket-pool
2023-02-20 00:00:00,796759127,Rocket Pool,liquid_staking,rocket-pool
2023-02-21 00:00:00,805105452,Rocket Pool,liquid_staking,rocket-pool
2023-02-22 00:00:00,787156415,Rocket Pool,liquid_staking,rocket-pool
2023-02-23 00:00:00,780675902,Rocket Pool,liquid_staking,rocket-pool
2023-02-24 00:00:00,785694044,Rocket Pool,liquid_staking,rocket-pool
2023-02-25 00:00:00,765060086,Rocket Pool,liquid_staking,rocket-pool
2023-02-26 00:00:00,759251067,Rocket Pool,liquid_staking,rocket-pool
2023-02-27 00:00:00,782183803,Rocket Pool,liquid_staking,rocket-pool
2023-02-28 00:00:00,779769699,Rocket Pool,liquid_staking,rocket-pool
2023-03-01 00:00:00,765628825,Rocket Pool,liquid_staking,rocket-pool
2023-03-02 00:00:00,794406629,Rocket Pool,liquid_staking,rocket-pool
2023-03-03 00:00:00,786949533,Rocket Pool,liquid_staking,rocket-pool
2023-03-04 00:00:00,749878312,Rocket Pool,liquid_staking,rocket-pool
2023-03-05 00:00:00,751209766,Rocket Pool,liquid_staking,rocket-pool
2023-03-06 00:00:00,749664830,Rocket Pool,liquid_staking,rocket-pool
2023-03-07 00:00:00,750212734,Rocket Pool,liquid_staking,rocket-pool
2023-03-08 00:00:00,748748123,Rocket Pool,liquid_staking,rocket-pool
2023-03-09 00:00:00,735778374,Rocket Pool,liquid_staking,rocket-pool
2023-03-10 00:00:00,689819697,Rocket Pool,liquid_staking,rocket-pool
2023-03-11 00:00:00,683720077,Rocket Pool,liquid_staking,rocket-pool
2023-03-12 00:00:00,707364810,Rocket Pool,liquid_staking,rocket-pool
2023-03-13 00:00:00,761176814,Rocket Pool,liquid_staking,rocket-pool
2023-03-14 00:00:00,805727136,Rocket Pool,liquid_staking,rocket-pool
2023-03-15 00:00:00,817373177,Rocket Pool,liquid_staking,rocket-pool
2023-03-16 00:00:00,796290071,Rocket Pool,liquid_staking,rocket-pool
2023-03-17 00:00:00,808237470,Rocket Pool,liquid_staking,rocket-pool
2023-03-18 00:00:00,868589718,Rocket Pool,liquid_staking,rocket-pool
2023-03-19 00:00:00,857357706,Rocket Pool,liquid_staking,rocket-pool
2023-03-20 00:00:00,871275308,Rocket Pool,liquid_staking,rocket-pool
2023-03-21 00:00:00,846716887,Rocket Pool,liquid_staking,rocket-pool
2023-03-22 00:00:00,878894193,Rocket Pool,liquid_staking,rocket-pool
2023-03-23 00:00:00,847002028,Rocket Pool,liquid_staking,rocket-pool
2023-03-24 00:00:00,884415842,Rocket Pool,liquid_staking,rocket-pool
2023-03-25 00:00:00,854659630,Rocket Pool,liquid_staking,rocket-pool
2023-03-26 00:00:00,851323316,Rocket Pool,liquid_staking,rocket-pool
2023-03-27 00:00:00,862304440,Rocket Pool,liquid_staking,rocket-pool
2023-03-28 00:00:00,833808810,Rocket Pool,liquid_staking,rocket-pool
2023-03-29 00:00:00,861944176,Rocket Pool,liquid_staking,rocket-pool
2023-03-30 00:00:00,870598193,Rocket Pool,liquid_staking,rocket-pool
2023-03-31 00:00:00,884915012,Rocket Pool,liquid_staking,rocket-pool
2023-04-01 00:00:00,899809912,Rocket Pool,liquid_staking,rocket-pool
2023-04-02 00:00:00,920312864,Rocket Pool,liquid_staking,rocket-pool
2023-04-03 00:00:00,906128132,Rocket Pool,liquid_staking,rocket-pool
2023-04-04 00:00:00,913829651,Rocket Pool,liquid_staking,rocket-pool
2023-04-05 00:00:00,946106175,Rocket Pool,liquid_staking,rocket-pool
2023-04-06 00:00:00,989006595,Rocket Pool,liquid_staking,rocket-pool
2023-04-07 00:00:00,975993893,Rocket Pool,liquid_staking,rocket-pool
2023-04-08 00:00:00,972148398,Rocket Pool,liquid_staking,rocket-pool
2023-04-09 00:00:00,967208944,Rocket Pool,liquid_staking,rocket-pool
2023-04-10 00:00:00,971083908,Rocket Pool,liquid_staking,rocket-pool
2023-04-11 00:00:00,998511267,Rocket Pool,liquid_staking,rocket-pool
2023-04-12 00:00:00,1012060377,Rocket Pool,liquid_staking,rocket-pool
2023-04-13 00:00:00,1024841909,Rocket Pool,liquid_staking,rocket-pool
2023-04-14 00:00:00,1076580334,Rocket Pool,liquid_staking,rocket-pool
2023-04-15 00:00:00,1124719815,Rocket Pool,liquid_staking,rocket-pool
2023-04-16 00:00:00,1121559727,Rocket Pool,liquid_staking,rocket-pool
2023-04-17 00:00:00,1136887980,Rocket Pool,liquid_staking,rocket-pool
2023-04-18 00:00:00,1114992764,Rocket Pool,liquid_staking,rocket-pool
2023-04-19 00:00:00,1100045557,Rocket Pool,liquid_staking,rocket-pool
2023-04-20 00:00:00,1023361215,Rocket Pool,liquid_staking,rocket-pool
2023-04-21 00:00:00,1028892862,Rocket Pool,liquid_staking,rocket-pool
2023-04-22 00:00:00,981938614,Rocket Pool,liquid_staking,rocket-pool
2023-04-23 00:00:00,997968536,Rocket Pool,liquid_staking,rocket-pool
2023-04-24 00:00:00,991364508,Rocket Pool,liquid_staking,rocket-pool
2023-04-25 00:00:00,980399595,Rocket Pool,liquid_staking,rocket-pool
2023-04-26 00:00:00,996567217,Rocket Pool,liquid_staking,rocket-pool
2023-04-27 00:00:00,998030712,Rocket Pool,liquid_staking,rocket-pool
2023-04-28 00:00:00,1019176137,Rocket Pool,liquid_staking,rocket-pool
2023-04-29 00:00:00,1021478741,Rocket Pool,liquid_staking,rocket-pool
2023-04-30 00:00:00,1029953708,Rocket Pool,liquid_staking,rocket-pool
2023-05-01 00:00:00,1018981015,Rocket Pool,liquid_staking,rocket-pool
2023-05-02 00:00:00,990853774,Rocket Pool,liquid_staking,rocket-pool
2023-05-03 00:00:00,1012916624,Rocket Pool,liquid_staking,rocket-pool
2023-05-04 00:00:00,1032026608,Rocket Pool,liquid_staking,rocket-pool
2023-05-05 00:00:00,1015026788,Rocket Pool,liquid_staking,rocket-pool
2023-05-06 00:00:00,1079817992,Rocket Pool,liquid_staking,rocket-pool
2023-05-07 00:00:00,1028518359,Rocket Pool,liquid_staking,rocket-pool
2023-05-08 00:00:00,1027141935,Rocket Pool,liquid_staking,rocket-pool
2023-05-09 00:00:00,1004770262,Rocket Pool,liquid_staking,rocket-pool
2023-05-10 00:00:00,1006542707,Rocket Pool,liquid_staking,rocket-pool
2023-05-11 00:00:00,1001876192,Rocket Pool,liquid_staking,rocket-pool
2023-05-12 00:00:00,976433700,Rocket Pool,liquid_staking,rocket-pool
2023-05-13 00:00:00,1005816252,Rocket Pool,liquid_staking,rocket-pool
2023-05-14 00:00:00,1009775672,Rocket Pool,liquid_staking,rocket-pool
2023-05-15 00:00:00,1012968687,Rocket Pool,liquid_staking,rocket-pool
2023-05-16 00:00:00,1026302415,Rocket Pool,liquid_staking,rocket-pool
2023-05-17 00:00:00,1027334139,Rocket Pool,liquid_staking,rocket-pool
2023-05-18 00:00:00,1026877343,Rocket Pool,liquid_staking,rocket-pool
2023-05-19 00:00:00,1020102092,Rocket Pool,liquid_staking,rocket-pool
2023-05-20 00:00:00,1025483710,Rocket Pool,liquid_staking,rocket-pool
2023-05-21 00:00:00,1032827081,Rocket Pool,liquid_staking,rocket-pool
2023-05-22 00:00:00,1025784603,Rocket Pool,liquid_staking,rocket-pool
2023-05-23 00:00:00,1034561574,Rocket Pool,liquid_staking,rocket-pool
2023-05-24 00:00:00,1056397244,Rocket Pool,liquid_staking,rocket-pool
2023-05-25 00:00:00,1025230956,Rocket Pool,liquid_staking,rocket-pool
2023-05-26 00:00:00,1028706443,Rocket Pool,liquid_staking,rocket-pool
2023-05-27 00:00:00,1042839833,Rocket Pool,liquid_staking,rocket-pool
2023-05-28 00:00:00,1044942395,Rocket Pool,liquid_staking,rocket-pool
2023-05-29 00:00:00,1094122972,Rocket Pool,liquid_staking,rocket-pool
2023-05-30 00:00:00,1081588316,Rocket Pool,liquid_staking,rocket-pool
2023-05-31 00:00:00,1087773453,Rocket Pool,liquid_staking,rocket-pool
2023-06-01 00:00:00,1072512061,Rocket Pool,liquid_staking,rocket-pool
2023-06-02 00:00:00,1067566583,Rocket Pool,liquid_staking,rocket-pool
2023-06-03 00:00:00,1092723195,Rocket Pool,liquid_staking,rocket-pool
2023-06-04 00:00:00,1084945942,Rocket Pool,liquid_staking,rocket-pool
2023-06-05 00:00:00,1087724463,Rocket Pool,liquid_staking,rocket-pool
2023-06-06 00:00:00,1046020827,Rocket Pool,liquid_staking,rocket-pool
2023-06-07 00:00:00,1082697013,Rocket Pool,liquid_staking,rocket-pool
2023-06-08 00:00:00,1054535892,Rocket Pool,liquid_staking,rocket-pool
2023-06-09 00:00:00,1065462415,Rocket Pool,liquid_staking,rocket-pool
2023-06-10 00:00:00,1059220616,Rocket Pool,liquid_staking,rocket-pool
2023-06-11 00:00:00,1009751496,Rocket Pool,liquid_staking,rocket-pool
2023-06-12 00:00:00,1009413384,Rocket Pool,liquid_staking,rocket-pool
2023-06-13 00:00:00,1007760307,Rocket Pool,liquid_staking,rocket-pool
2023-06-14 00:00:00,1005848672,Rocket Pool,liquid_staking,rocket-pool
2023-06-15 00:00:00,956126279,Rocket Pool,liquid_staking,rocket-pool
2023-06-16 00:00:00,964613745,Rocket Pool,liquid_staking,rocket-pool
2023-06-17 00:00:00,994967500,Rocket Pool,liquid_staking,rocket-pool
2023-06-18 00:00:00,1000571385,Rocket Pool,liquid_staking,rocket-pool
2023-06-19 00:00:00,996835630,Rocket Pool,liquid_staking,rocket-pool
2023-06-20 00:00:00,1005919064,Rocket Pool,liquid_staking,rocket-pool
2023-06-21 00:00:00,1043895302,Rocket Pool,liquid_staking,rocket-pool
2023-06-22 00:00:00,1101211703,Rocket Pool,liquid_staking,rocket-pool
2023-06-23 00:00:00,1121403895,Rocket Pool,liquid_staking,rocket-pool
2023-06-24 00:00:00,1132664665,Rocket Pool,liquid_staking,rocket-pool
2023-06-25 00:00:00,1122374144,Rocket Pool,liquid_staking,rocket-pool
2023-06-26 00:00:00,1136775211,Rocket Pool,liquid_staking,rocket-pool
2023-06-27 00:00:00,1113608188,Rocket Pool,liquid_staking,rocket-pool
2023-06-28 00:00:00,1129869820,Rocket Pool,liquid_staking,rocket-pool
2023-06-29 00:00:00,1092774132,Rocket Pool,liquid_staking,rocket-pool
2023-06-30 00:00:00,1108068315,Rocket Pool,liquid_staking,rocket-pool
2023-07-01 00:00:00,1156760569,Rocket Pool,liquid_staking,rocket-pool
2023-07-02 00:00:00,1148299168,Rocket Pool,liquid_staking,rocket-pool
2023-07-03 00:00:00,1176577303,Rocket Pool,liquid_staking,rocket-pool
2023-07-04 00:00:00,1187384621,Rocket Pool,liquid_staking,rocket-pool
2023-07-05 00:00:00,1177687826,Rocket Pool,liquid_staking,rocket-pool
2023-07-06 00:00:00,1163292874,Rocket Pool,liquid_staking,rocket-pool
2023-07-07 00:00:00,1128379474,Rocket Pool,liquid_staking,rocket-pool
2023-07-08 00:00:00,1138346255,Rocket Pool,liquid_staking,rocket-pool
2023-07-09 00:00:00,1135895377,Rocket Pool,liquid_staking,rocket-pool
2023-07-10 00:00:00,1135652028,Rocket Pool,liquid_staking,rocket-pool
2023-07-11 00:00:00,1145737888,Rocket Pool,liquid_staking,rocket-pool
2023-07-12 00:00:00,1145966498,Rocket Pool,liquid_staking,rocket-pool
2023-07-13 00:00:00,1152868081,Rocket Pool,liquid_staking,rocket-pool
2023-07-14 00:00:00,1234068444,Rocket Pool,liquid_staking,rocket-pool
2023-07-15 00:00:00,1194703814,Rocket Pool,liquid_staking,rocket-pool
2023-07-16 00:00:00,1185116444,Rocket Pool,liquid_staking,rocket-pool
2023-07-17 00:00:00,1181743702,Rocket Pool,liquid_staking,rocket-pool
2023-07-18 00:00:00,1175063754,Rocket Pool,liquid_staking,rocket-pool
2023-07-19 00:00:00,1164452813,Rocket Pool,liquid_staking,rocket-pool
2023-07-20 00:00:00,1160553175,Rocket Pool,liquid_staking,rocket-pool
2023-07-21 00:00:00,1156365178,Rocket Pool,liquid_staking,rocket-pool
2023-07-22 00:00:00,1173945413,Rocket Pool,liquid_staking,rocket-pool
2023-07-23 00:00:00,1156597199,Rocket Pool,liquid_staking,rocket-pool
2023-07-24 00:00:00,1171616519,Rocket Pool,liquid_staking,rocket-pool
2023-07-25 00:00:00,1137921988,Rocket Pool,liquid_staking,rocket-pool
2023-07-26 00:00:00,1143482698,Rocket Pool,liquid_staking,rocket-pool
2023-07-27 00:00:00,1149715549,Rocket Pool,liquid_staking,rocket-pool
2023-07-28 00:00:00,1144136064,Rocket Pool,liquid_staking,rocket-pool
2023-07-29 00:00:00,1158677146,Rocket Pool,liquid_staking,rocket-pool
2023-07-30 00:00:00,1161965000,Rocket Pool,liquid_staking,rocket-pool
2023-07-31 00:00:00,1148741387,Rocket Pool,liquid_staking,rocket-pool
2023-08-01 00:00:00,1137157072,Rocket Pool,liquid_staking,rocket-pool
2023-08-02 00:00:00,1151681893,Rocket Pool,liquid_staking,rocket-pool
2023-08-03 00:00:00,1133859976,Rocket Pool,liquid_staking,rocket-pool
2023-08-04 00:00:00,1136449251,Rocket Pool,liquid_staking,rocket-pool
2023-08-05 00:00:00,1141513957,Rocket Pool,liquid_staking,rocket-pool
2023-08-06 00:00:00,1150327883,Rocket Pool,liquid_staking,rocket-pool
2023-08-07 00:00:00,1145896161,Rocket Pool,liquid_staking,rocket-pool
2023-08-08 00:00:00,1152933667,Rocket Pool,liquid_staking,rocket-pool
2023-08-09 00:00:00,1175518141,Rocket Pool,liquid_staking,rocket-pool
2023-08-10 00:00:00,1172804588,Rocket Pool,liquid_staking,rocket-pool
2023-08-11 00:00:00,1169981353,Rocket Pool,liquid_staking,rocket-pool
2023-08-12 00:00:00,1169117599,Rocket Pool,liquid_staking,rocket-pool
2023-08-13 00:00:00,1169278471,Rocket Pool,liquid_staking,rocket-pool
2023-08-14 00:00:00,1165768685,Rocket Pool,liquid_staking,rocket-pool
2023-08-15 00:00:00,1168907298,Rocket Pool,liquid_staking,rocket-pool
2023-08-16 00:00:00,1155071714,Rocket Pool,liquid_staking,rocket-pool
2023-08-17 00:00:00,1143532255,Rocket Pool,liquid_staking,rocket-pool
2023-08-18 00:00:00,1069339386,Rocket Pool,liquid_staking,rocket-pool
2023-08-19 00:00:00,1055098726,Rocket Pool,liquid_staking,rocket-pool
2023-08-20 00:00:00,1062203867,Rocket Pool,liquid_staking,rocket-pool
2023-08-21 00:00:00,1074813212,Rocket Pool,liquid_staking,rocket-pool
2023-08-22 00:00:00,1062964292,Rocket Pool,liquid_staking,rocket-pool
2023-08-23 00:00:00,1040898059,Rocket Pool,liquid_staking,rocket-pool
2023-08-24 00:00:00,1071077139,Rocket Pool,liquid_staking,rocket-pool
2023-08-25 00:00:00,1058960907,Rocket Pool,liquid_staking,rocket-pool
2023-08-26 00:00:00,1055461168,Rocket Pool,liquid_staking,rocket-pool
2023-08-27 00:00:00,1051254111,Rocket Pool,liquid_staking,rocket-pool
2023-08-28 00:00:00,1059292054,Rocket Pool,liquid_staking,rocket-pool
2023-08-29 00:00:00,1057172981,Rocket Pool,liquid_staking,rocket-pool
2023-08-30 00:00:00,1104808394,Rocket Pool,liquid_staking,rocket-pool
2023-08-31 00:00:00,1092221671,Rocket Pool,liquid_staking,rocket-pool
2023-09-01 00:00:00,1054571250,Rocket Pool,liquid_staking,rocket-pool
2023-09-02 00:00:00,1042295311,Rocket Pool,liquid_staking,rocket-pool
2023-09-03 00:00:00,1048336862,Rocket Pool,liquid_staking,rocket-pool
2023-09-04 00:00:00,1047682223,Rocket Pool,liquid_staking,rocket-pool
2023-09-05 00:00:00,1037937202,Rocket Pool,liquid_staking,rocket-pool
2023-09-06 00:00:00,1042501729,Rocket Pool,liquid_staking,rocket-pool
2023-09-07 00:00:00,1044944739,Rocket Pool,liquid_staking,rocket-pool
2023-09-08 00:00:00,1053552981,Rocket Pool,liquid_staking,rocket-pool
2023-09-09 00:00:00,1045973934,Rocket Pool,liquid_staking,rocket-pool
2023-09-10 00:00:00,1046106411,Rocket Pool,liquid_staking,rocket-pool
2023-09-11 00:00:00,1036412236,Rocket Pool,liquid_staking,rocket-pool
2023-09-12 00:00:00,993150954,Rocket Pool,liquid_staking,rocket-pool
2023-09-13 00:00:00,1019185490,Rocket Pool,liquid_staking,rocket-pool
2023-09-14 00:00:00,1027246855,Rocket Pool,liquid_staking,rocket-pool
2023-09-15 00:00:00,1041380128,Rocket Pool,liquid_staking,rocket-pool
2023-09-16 00:00:00,1052110288,Rocket Pool,liquid_staking,rocket-pool
2023-09-17 00:00:00,1050234269,Rocket Pool,liquid_staking,rocket-pool
2023-09-18 00:00:00,1040848473,Rocket Pool,liquid_staking,rocket-pool
2023-09-19 00:00:00,1050904071,Rocket Pool,liquid_staking,rocket-pool
2023-09-20 00:00:00,1053386214,Rocket Pool,liquid_staking,rocket-pool
2023-09-21 00:00:00,1039943047,Rocket Pool,liquid_staking,rocket-pool
2023-09-22 00:00:00,1016765716,Rocket Pool,liquid_staking,rocket-pool
2023-09-23 00:00:00,1023091214,Rocket Pool,liquid_staking,rocket-pool
2023-09-24 00:00:00,1023888370,Rocket Pool,liquid_staking,rocket-pool
2023-09-25 00:00:00,1015096917,Rocket Pool,liquid_staking,rocket-pool
2023-09-26 00:00:00,1020213006,Rocket Pool,liquid_staking,rocket-pool
2023-09-27 00:00:00,1024634445,Rocket Pool,liquid_staking,rocket-pool
2023-09-28 00:00:00,1028566896,Rocket Pool,liquid_staking,rocket-pool
2023-09-29 00:00:00,1065038211,Rocket Pool,liquid_staking,rocket-pool
2023-09-30 00:00:00,1074729963,Rocket Pool,liquid_staking,rocket-pool
2023-10-01 00:00:00,1076289739,Rocket Pool,liquid_staking,rocket-pool
2023-10-02 00:00:00,1116887392,Rocket Pool,liquid_staking,rocket-pool
2023-10-03 00:00:00,1067523229,Rocket Pool,liquid_staking,rocket-pool
2023-10-04 00:00:00,1069392463,Rocket Pool,liquid_staking,rocket-pool
2023-10-05 00:00:00,1065878283,Rocket Pool,liquid_staking,rocket-pool
2023-10-06 00:00:00,1042943060,Rocket Pool,liquid_staking,rocket-pool
2023-10-07 00:00:00,1064816246,Rocket Pool,liquid_staking,rocket-pool
2023-10-08 00:00:00,1057225294,Rocket Pool,liquid_staking,rocket-pool
2023-10-09 00:00:00,1056628435,Rocket Pool,liquid_staking,rocket-pool
2023-10-10 00:00:00,1021901880,Rocket Pool,liquid_staking,rocket-pool
2023-10-11 00:00:00,1014461475,Rocket Pool,liquid_staking,rocket-pool
2023-10-12 00:00:00,1014013254,Rocket Pool,liquid_staking,rocket-pool
2023-10-13 00:00:00,999091531,Rocket Pool,liquid_staking,rocket-pool
2023-10-14 00:00:00,1007291841,Rocket Pool,liquid_staking,rocket-pool
2023-10-15 00:00:00,1007897438,Rocket Pool,liquid_staking,rocket-pool
2023-10-16 00:00:00,1008810418,Rocket Pool,liquid_staking,rocket-pool
2023-10-17 00:00:00,1032643146,Rocket Pool,liquid_staking,rocket-pool
2023-10-18 00:00:00,1013903918,Rocket Pool,liquid_staking,rocket-pool
2023-10-19 00:00:00,1012732158,Rocket Pool,liquid_staking,rocket-pool
2023-10-20 00:00:00,1015971086,Rocket Pool,liquid_staking,rocket-pool
2023-10-21 00:00:00,1041693055,Rocket Pool,liquid_staking,rocket-pool
2023-10-22 00:00:00,1058126426,Rocket Pool,liquid_staking,rocket-pool
2023-10-23 00:00:00,1080384607,Rocket Pool,liquid_staking,rocket-pool
2023-10-24 00:00:00,1148378404,Rocket Pool,liquid_staking,rocket-pool
2023-10-25 00:00:00,1157119038,Rocket Pool,liquid_staking,rocket-pool
2023-10-26 00:00:00,1159119616,Rocket Pool,liquid_staking,rocket-pool
2023-10-27 00:00:00,1193059962,Rocket Pool,liquid_staking,rocket-pool
2023-10-28 00:00:00,1178748807,Rocket Pool,liquid_staking,rocket-pool
2023-10-29 00:00:00,1175916487,Rocket Pool,liquid_staking,rocket-pool
2023-10-30 00:00:00,1191807359,Rocket Pool,liquid_staking,rocket-pool
2023-10-31 00:00:00,1212979723,Rocket Pool,liquid_staking,rocket-pool
2023-11-01 00:00:00,1214071150,Rocket Pool,liquid_staking,rocket-pool
2023-11-02 00:00:00,1233198926,Rocket Pool,liquid_staking,rocket-pool
2023-11-03 00:00:00,1202580213,Rocket Pool,liquid_staking,rocket-pool
2023-11-04 00:00:00,1222676108,Rocket Pool,liquid_staking,rocket-pool
2023-11-05 00:00:00,1232868350,Rocket Pool,liquid_staking,rocket-pool
2023-11-06 00:00:00,1259664897,Rocket Pool,liquid_staking,rocket-pool
2023-11-07 00:00:00,1264034079,Rocket Pool,liquid_staking,rocket-pool
2023-11-08 00:00:00,1253920819,Rocket Pool,liquid_staking,rocket-pool
2023-11-09 00:00:00,1254938078,Rocket Pool,liquid_staking,rocket-pool
2023-11-10 00:00:00,1408709444,Rocket Pool,liquid_staking,rocket-pool
2023-11-11 00:00:00,1381487616,Rocket Pool,liquid_staking,rocket-pool
2023-11-12 00:00:00,1368633360,Rocket Pool,liquid_staking,rocket-pool
2023-11-13 00:00:00,1363683487,Rocket Pool,liquid_staking,rocket-pool
2023-11-14 00:00:00,1369081537,Rocket Pool,liquid_staking,rocket-pool
2023-11-15 00:00:00,1318748773,Rocket Pool,liquid_staking,rocket-pool
2023-11-16 00:00:00,1368754241,Rocket Pool,liquid_staking,rocket-pool
2023-11-17 00:00:00,1302287543,Rocket Pool,liquid_staking,rocket-pool
2023-11-18 00:00:00,1298501913,Rocket Pool,liquid_staking,rocket-pool
2023-11-19 00:00:00,1304232766,Rocket Pool,liquid_staking,rocket-pool
2023-11-20 00:00:00,1337755096,Rocket Pool,liquid_staking,rocket-pool
2023-11-21 00:00:00,1346252502,Rocket Pool,liquid_staking,rocket-pool
2023-11-22 00:00:00,1288057515,Rocket Pool,liquid_staking,rocket-pool
2023-11-23 00:00:00,1374415950,Rocket Pool,liquid_staking,rocket-pool
2023-11-24 00:00:00,1373246603,Rocket Pool,liquid_staking,rocket-pool
2023-11-25 00:00:00,1385076783,Rocket Pool,liquid_staking,rocket-pool
2023-11-26 00:00:00,1392307490,Rocket Pool,liquid_staking,rocket-pool
2023-11-27 00:00:00,1381504797,Rocket Pool,liquid_staking,rocket-pool
2023-11-28 00:00:00,1354018172,Rocket Pool,liquid_staking,rocket-pool
2023-11-29 00:00:00,1374935301,Rocket Pool,liquid_staking,rocket-pool
2023-11-30 00:00:00,1360182159,Rocket Pool,liquid_staking,rocket-pool
2023-12-01 00:00:00,1376417741,Rocket Pool,liquid_staking,rocket-pool
2023-12-02 00:00:00,1398579394,Rocket Pool,liquid_staking,rocket-pool
2023-12-03 00:00:00,1462696133,Rocket Pool,liquid_staking,rocket-pool
2023-12-04 00:00:00,1484887799,Rocket Pool,liquid_staking,rocket-pool
2023-12-05 00:00:00,1515721572,Rocket Pool,liquid_staking,rocket-pool
2023-12-06 00:00:00,1552923545,Rocket Pool,liquid_staking,rocket-pool
2023-12-07 00:00:00,1519187736,Rocket Pool,liquid_staking,rocket-pool
2023-12-08 00:00:00,1606214471,Rocket Pool,liquid_staking,rocket-pool
2023-12-09 00:00:00,1609786139,Rocket Pool,liquid_staking,rocket-pool
2023-12-10 00:00:00,1598498855,Rocket Pool,liquid_staking,rocket-pool
2023-12-11 00:00:00,1598287502,Rocket Pool,liquid_staking,rocket-pool
2023-12-12 00:00:00,1517644407,Rocket Pool,liquid_staking,rocket-pool
2023-12-13 00:00:00,1498382017,Rocket Pool,liquid_staking,rocket-pool
2023-12-14 00:00:00,1538612084,Rocket Pool,liquid_staking,rocket-pool
2023-12-15 00:00:00,1583200038,Rocket Pool,liquid_staking,rocket-pool
2023-12-16 00:00:00,1520461536,Rocket Pool,liquid_staking,rocket-pool
2023-12-17 00:00:00,1521846555,Rocket Pool,liquid_staking,rocket-pool
2023-12-18 00:00:00,1495870562,Rocket Pool,liquid_staking,rocket-pool
2023-12-19 00:00:00,1517851581,Rocket Pool,liquid_staking,rocket-pool
2023-12-20 00:00:00,1494002091,Rocket Pool,liquid_staking,rocket-pool
2023-12-21 00:00:00,1495997082,Rocket Pool,liquid_staking,rocket-pool
2023-12-22 00:00:00,1527224203,Rocket Pool,liquid_staking,rocket-pool
2023-12-23 00:00:00,1579606312,Rocket Pool,liquid_staking,rocket-pool
2023-12-24 00:00:00,1575468040,Rocket Pool,liquid_staking,rocket-pool
2023-12-25 00:00:00,1546821178,Rocket Pool,liquid_staking,rocket-pool
2023-12-26 00:00:00,1553278863,Rocket Pool,liquid_staking,rocket-pool
2023-12-27 00:00:00,1523978935,Rocket Pool,liquid_staking,rocket-pool
2023-12-28 00:00:00,1627506629,Rocket Pool,liquid_staking,rocket-pool
2023-12-29 00:00:00,1606301929,Rocket Pool,liquid_staking,rocket-pool
2023-12-30 00:00:00,1571979793,Rocket Pool,liquid_staking,rocket-pool
2023-12-31 00:00:00,1566571706,Rocket Pool,liquid_staking,rocket-pool
2024-01-01 00:00:00,1563177001,Rocket Pool,liquid_staking,rocket-pool
2024-01-02 00:00:00,1602872750,Rocket Pool,liquid_staking,rocket-pool
2024-01-03 00:00:00,1610213385,Rocket Pool,liquid_staking,rocket-pool
2024-01-04 00:00:00,1511651200,Rocket Pool,liquid_staking,rocket-pool
2024-01-05 00:00:00,1563158203,Rocket Pool,liquid_staking,rocket-pool
2024-01-06 00:00:00,1559355820,Rocket Pool,liquid_staking,rocket-pool
2024-01-07 00:00:00,1545815566,Rocket Pool,liquid_staking,rocket-pool
2024-01-08 00:00:00,1533605006,Rocket Pool,liquid_staking,rocket-pool
2024-01-09 00:00:00,1607653373,Rocket Pool,liquid_staking,rocket-pool
2024-01-10 00:00:00,1628454118,Rocket Pool,liquid_staking,rocket-pool
2024-01-11 00:00:00,1813144950,Rocket Pool,liquid_staking,rocket-pool
2024-01-12 00:00:00,1827417046,Rocket Pool,liquid_staking,rocket-pool
2024-01-13 00:00:00,1756843275,Rocket Pool,liquid_staking,rocket-pool
2024-01-14 00:00:00,1797525709,Rocket Pool,liquid_staking,rocket-pool
2024-01-15 00:00:00,1738659217,Rocket Pool,liquid_staking,rocket-pool
2024-01-16 00:00:00,1766994027,Rocket Pool,liquid_staking,rocket-pool
2024-01-17 00:00:00,1814653663,Rocket Pool,liquid_staking,rocket-pool
2024-01-18 00:00:00,1760199564,Rocket Pool,liquid_staking,rocket-pool
2024-01-19 00:00:00,1719587228,Rocket Pool,liquid_staking,rocket-pool
2024-01-20 00:00:00,1739581789,Rocket Pool,liquid_staking,rocket-pool
2024-01-21 00:00:00,1729334244,Rocket Pool,liquid_staking,rocket-pool
2024-01-22 00:00:00,1741156776,Rocket Pool,liquid_staking,rocket-pool
2024-01-23 00:00:00,1621931247,Rocket Pool,liquid_staking,rocket-pool
2024-01-24 00:00:00,1572922054,Rocket Pool,liquid_staking,rocket-pool
2024-01-25 00:00:00,1562068557,Rocket Pool,liquid_staking,rocket-pool
2024-01-26 00:00:00,1551066981,Rocket Pool,liquid_staking,rocket-pool
2024-01-27 00:00:00,1585865909,Rocket Pool,liquid_staking,rocket-pool
2024-01-28 00:00:00,1586692915,Rocket Pool,liquid_staking,rocket-pool
2024-01-29 00:00:00,1578014921,Rocket Pool,liquid_staking,rocket-pool
2024-01-30 00:00:00,1620900227,Rocket Pool,liquid_staking,rocket-pool
2024-01-31 00:00:00,1642768462,Rocket Pool,liquid_staking,rocket-pool
2024-02-01 00:00:00,1597533215,Rocket Pool,liquid_staking,rocket-pool
2024-02-02 00:00:00,1611478287,Rocket Pool,liquid_staking,rocket-pool
2024-02-03 00:00:00,1619558313,Rocket Pool,liquid_staking,rocket-pool
2024-02-04 00:00:00,1612275970,Rocket Pool,liquid_staking,rocket-pool
2024-02-05 00:00:00,1606318953,Rocket Pool,liquid_staking,rocket-pool
2024-02-06 00:00:00,1614013689,Rocket Pool,liquid_staking,rocket-pool
2024-02-07 00:00:00,1665971078,Rocket Pool,liquid_staking,rocket-pool
2024-02-08 00:00:00,1702589067,Rocket Pool,liquid_staking,rocket-pool
2024-02-09 00:00:00,1708128099,Rocket Pool,liquid_staking,rocket-pool
2024-02-10 00:00:00,1750251671,Rocket Pool,liquid_staking,rocket-pool
2024-02-11 00:00:00,1760647531,Rocket Pool,liquid_staking,rocket-pool
2024-02-12 00:00:00,1752535286,Rocket Pool,liquid_staking,rocket-pool
2024-02-13 00:00:00,1864978199,Rocket Pool,liquid_staking,rocket-pool
2024-02-14 00:00:00,1853749308,Rocket Pool,liquid_staking,rocket-pool
2024-02-15 00:00:00,1942752405,Rocket Pool,liquid_staking,rocket-pool
2024-02-16 00:00:00,1982417201,Rocket Pool,liquid_staking,rocket-pool
2024-02-17 00:00:00,1963010890,Rocket Pool,liquid_staking,rocket-pool
2024-02-18 00:00:00,1952998716,Rocket Pool,liquid_staking,rocket-pool
2024-02-19 00:00:00,2022347787,Rocket Pool,liquid_staking,rocket-pool
2024-02-20 00:00:00,2078500940,Rocket Pool,liquid_staking,rocket-pool
2024-02-21 00:00:00,2118476190,Rocket Pool,liquid_staking,rocket-pool
2024-02-22 00:00:00,2096787609,Rocket Pool,liquid_staking,rocket-pool
2024-02-23 00:00:00,2103590421,Rocket Pool,liquid_staking,rocket-pool
2024-02-24 00:00:00,2079836731,Rocket Pool,liquid_staking,rocket-pool
2024-02-25 00:00:00,2102726702,Rocket Pool,liquid_staking,rocket-pool
2024-02-26 00:00:00,2194591360,Rocket Pool,liquid_staking,rocket-pool
2024-02-27 00:00:00,2240974373,Rocket Pool,liquid_staking,rocket-pool
2024-02-28 00:00:00,2291404109,Rocket Pool,liquid_staking,rocket-pool
2024-02-29 00:00:00,2379300748,Rocket Pool,liquid_staking,rocket-pool
2024-03-01 00:00:00,2358136513,Rocket Pool,liquid_staking,rocket-pool
2024-03-02 00:00:00,2418875297,Rocket Pool,liquid_staking,rocket-pool
2024-03-03 00:00:00,2403436268,Rocket Pool,liquid_staking,rocket-pool
2024-03-04 00:00:00,2458990980,Rocket Pool,liquid_staking,rocket-pool
2024-03-05 00:00:00,2546627443,Rocket Pool,liquid_staking,rocket-pool
2024-03-06 00:00:00,2506314286,Rocket Pool,liquid_staking,rocket-pool
2024-03-07 00:00:00,2720228966,Rocket Pool,liquid_staking,rocket-pool
2024-03-08 00:00:00,2709840386,Rocket Pool,liquid_staking,rocket-pool
2024-03-09 00:00:00,2747406390,Rocket Pool,liquid_staking,rocket-pool
2024-03-10 00:00:00,2762925947,Rocket Pool,liquid_staking,rocket-pool
2024-03-11 00:00:00,2744738307,Rocket Pool,liquid_staking,rocket-pool
2024-03-12 00:00:00,2883018716,Rocket Pool,liquid_staking,rocket-pool
2024-03-13 00:00:00,2821414062,Rocket Pool,liquid_staking,rocket-pool
2024-03-14 00:00:00,2838486243,Rocket Pool,liquid_staking,rocket-pool
2024-03-15 00:00:00,2751176282,Rocket Pool,liquid_staking,rocket-pool
2024-03-16 00:00:00,2644716691,Rocket Pool,liquid_staking,rocket-pool
2024-03-17 00:00:00,2495368490,Rocket Pool,liquid_staking,rocket-pool
2024-03-18 00:00:00,2581392765,Rocket Pool,liquid_staking,rocket-pool
2024-03-19 00:00:00,2492314688,Rocket Pool,liquid_staking,rocket-pool
2024-03-20 00:00:00,2232856219,Rocket Pool,liquid_staking,rocket-pool
2024-03-21 00:00:00,2487148717,Rocket Pool,liquid_staking,rocket-pool
2024-03-22 00:00:00,2472517469,Rocket Pool,liquid_staking,rocket-pool
2024-03-23 00:00:00,2356571373,Rocket Pool,liquid_staking,rocket-pool
2024-03-24 00:00:00,2368792070,Rocket Pool,liquid_staking,rocket-pool
2024-03-25 00:00:00,2445189151,Rocket Pool,liquid_staking,rocket-pool
2024-03-26 00:00:00,2548586655,Rocket Pool,liquid_staking,rocket-pool
2024-03-27 00:00:00,2552006471,Rocket Pool,liquid_staking,rocket-pool
2024-03-28 00:00:00,2494373968,Rocket Pool,liquid_staking,rocket-pool
2024-03-29 00:00:00,2547388375,Rocket Pool,liquid_staking,rocket-pool
2024-03-30 00:00:00,2511969426,Rocket Pool,liquid_staking,rocket-pool
2024-03-31 00:00:00,2497814884,Rocket Pool,liquid_staking,rocket-pool
2024-04-01 00:00:00,2597888893,Rocket Pool,liquid_staking,rocket-pool
2024-04-02 00:00:00,2489899343,Rocket Pool,liquid_staking,rocket-pool
2024-04-03 00:00:00,2318242757,Rocket Pool,liquid_staking,rocket-pool
2024-04-04 00:00:00,2334946228,Rocket Pool,liquid_staking,rocket-pool
2024-04-05 00:00:00,2352363880,Rocket Pool,liquid_staking,rocket-pool
2024-04-06 00:00:00,2348633433,Rocket Pool,liquid_staking,rocket-pool
2024-04-07 00:00:00,2377843036,Rocket Pool,liquid_staking,rocket-pool
2024-04-08 00:00:00,2442860843,Rocket Pool,liquid_staking,rocket-pool
2024-04-09 00:00:00,2609310581,Rocket Pool,liquid_staking,rocket-pool
2024-04-10 00:00:00,2466595466,Rocket Pool,liquid_staking,rocket-pool
2024-04-11 00:00:00,2498559747,Rocket Pool,liquid_staking,rocket-pool
2024-04-12 00:00:00,2471577079,Rocket Pool,liquid_staking,rocket-pool
2024-04-13 00:00:00,2286733638,Rocket Pool,liquid_staking,rocket-pool
2024-04-14 00:00:00,2113439518,Rocket Pool,liquid_staking,rocket-pool
2024-04-15 00:00:00,2217692006,Rocket Pool,liquid_staking,rocket-pool
2024-04-16 00:00:00,2180271071,Rocket Pool,liquid_staking,rocket-pool
2024-04-17 00:00:00,2170757044,Rocket Pool,liquid_staking,rocket-pool
2024-04-18 00:00:00,2093096704,Rocket Pool,liquid_staking,rocket-pool
2024-04-19 00:00:00,2153220865,Rocket Pool,liquid_staking,rocket-pool
2024-04-20 00:00:00,2149157926,Rocket Pool,liquid_staking,rocket-pool
2024-04-21 00:00:00,2226695627,Rocket Pool,liquid_staking,rocket-pool
2024-04-22 00:00:00,2221948313,Rocket Pool,liquid_staking,rocket-pool
2024-04-23 00:00:00,2259910970,Rocket Pool,liquid_staking,rocket-pool
2024-04-24 00:00:00,2279350047,Rocket Pool,liquid_staking,rocket-pool
2024-04-25 00:00:00,2217819772,Rocket Pool,liquid_staking,rocket-pool
2024-04-26 00:00:00,2234417562,Rocket Pool,liquid_staking,rocket-pool
2024-04-27 00:00:00,2211733591,Rocket Pool,liquid_staking,rocket-pool
2024-04-28 00:00:00,2303850482,Rocket Pool,liquid_staking,rocket-pool
2024-04-29 00:00:00,2309782442,Rocket Pool,liquid_staking,rocket-pool
2024-04-30 00:00:00,2279773620,Rocket Pool,liquid_staking,rocket-pool
2024-05-01 00:00:00,2136951021,Rocket Pool,liquid_staking,rocket-pool
2024-05-02 00:00:00,2110158165,Rocket Pool,liquid_staking,rocket-pool
2024-05-03 00:00:00,2121548718,Rocket Pool,liquid_staking,rocket-pool
2024-05-04 00:00:00,2206458188,Rocket Pool,liquid_staking,rocket-pool
2024-05-05 00:00:00,2215476284,Rocket Pool,liquid_staking,rocket-pool
2024-05-06 00:00:00,2229106786,Rocket Pool,liquid_staking,rocket-pool
2024-05-07 00:00:00,2174706553,Rocket Pool,liquid_staking,rocket-pool
2024-05-08 00:00:00,2141135092,Rocket Pool,liquid_staking,rocket-pool
2024-05-09 00:00:00,2125223237,Rocket Pool,liquid_staking,rocket-pool
2024-05-10 00:00:00,2167576067,Rocket Pool,liquid_staking,rocket-pool
2024-05-11 00:00:00,2075250548,Rocket Pool,liquid_staking,rocket-pool
2024-05-12 00:00:00,2076374535,Rocket Pool,liquid_staking,rocket-pool
2024-05-13 00:00:00,2091403189,Rocket Pool,liquid_staking,rocket-pool
2024-05-14 00:00:00,2101679037,Rocket Pool,liquid_staking,rocket-pool
2024-05-15 00:00:00,2052382834,Rocket Pool,liquid_staking,rocket-pool
2024-05-16 00:00:00,2160820546,Rocket Pool,liquid_staking,rocket-pool
2024-05-17 00:00:00,2090857400,Rocket Pool,liquid_staking,rocket-pool
2024-05-18 00:00:00,2199155940,Rocket Pool,liquid_staking,rocket-pool
2024-05-19 00:00:00,2217945407,Rocket Pool,liquid_staking,rocket-pool
2024-05-20 00:00:00,2187144826,Rocket Pool,liquid_staking,rocket-pool
2024-05-21 00:00:00,2603806379,Rocket Pool,liquid_staking,rocket-pool
2024-05-22 00:00:00,2703357252,Rocket Pool,liquid_staking,rocket-pool
2024-05-23 00:00:00,2666854061,Rocket Pool,liquid_staking,rocket-pool
2024-05-24 00:00:00,2688086280,Rocket Pool,liquid_staking,rocket-pool
2024-05-25 00:00:00,2655554951,Rocket Pool,liquid_staking,rocket-pool
2024-05-26 00:00:00,2669804275,Rocket Pool,liquid_staking,rocket-pool
2024-05-27 00:00:00,2725197889,Rocket Pool,liquid_staking,rocket-pool
2024-05-28 00:00:00,2774686663,Rocket Pool,liquid_staking,rocket-pool
2024-05-29 00:00:00,2737735421,Rocket Pool,liquid_staking,rocket-pool
2024-05-30 00:00:00,2684733884,Rocket Pool,liquid_staking,rocket-pool
2024-05-31 00:00:00,2673612753,Rocket Pool,liquid_staking,rocket-pool
2024-06-01 00:00:00,2683076563,Rocket Pool,liquid_staking,rocket-pool
2024-06-02 00:00:00,2720570588,Rocket Pool,liquid_staking,rocket-pool
2024-06-03 00:00:00,2703679051,Rocket Pool,liquid_staking,rocket-pool
2024-06-04 00:00:00,2693369767,Rocket Pool,liquid_staking,rocket-pool
2024-06-05 00:00:00,2725857882,Rocket Pool,liquid_staking,rocket-pool
2024-06-06 00:00:00,2763863567,Rocket Pool,liquid_staking,rocket-pool
2024-06-07 00:00:00,2736467188,Rocket Pool,liquid_staking,rocket-pool
2024-06-08 00:00:00,2642895382,Rocket Pool,liquid_staking,rocket-pool
2024-06-09 00:00:00,2645659246,Rocket Pool,liquid_staking,rocket-pool
2024-06-10 00:00:00,2662818893,Rocket Pool,liquid_staking,rocket-pool
2024-06-11 00:00:00,2640487922,Rocket Pool,liquid_staking,rocket-pool
2024-06-12 00:00:00,2505755184,Rocket Pool,liquid_staking,rocket-pool
2024-06-13 00:00:00,2556374862,Rocket Pool,liquid_staking,rocket-pool
2024-06-14 00:00:00,2494362896,Rocket Pool,liquid_staking,rocket-pool
2024-06-15 00:00:00,2502782001,Rocket Pool,liquid_staking,rocket-pool
2024-06-16 00:00:00,2577126542,Rocket Pool,liquid_staking,rocket-pool
2024-06-17 00:00:00,2613175241,Rocket Pool,liquid_staking,rocket-pool
2024-06-18 00:00:00,2536785193,Rocket Pool,liquid_staking,rocket-pool
2024-06-19 00:00:00,2514424974,Rocket Pool,liquid_staking,rocket-pool
2024-06-20 00:00:00,2568647039,Rocket Pool,liquid_staking,rocket-pool
2024-06-21 00:00:00,2534195872,Rocket Pool,liquid_staking,rocket-pool
2024-06-22 00:00:00,2540264883,Rocket Pool,liquid_staking,rocket-pool
2024-06-23 00:00:00,2525828354,Rocket Pool,liquid_staking,rocket-pool
2024-06-24 00:00:00,2469575270,Rocket Pool,liquid_staking,rocket-pool
2024-06-25 00:00:00,2432609964,Rocket Pool,liquid_staking,rocket-pool
2024-06-26 00:00:00,2465483248,Rocket Pool,liquid_staking,rocket-pool
2024-06-27 00:00:00,2440559923,Rocket Pool,liquid_staking,rocket-pool
2024-06-28 00:00:00,2500584004,Rocket Pool,liquid_staking,rocket-pool
2024-06-29 00:00:00,2447931275,Rocket Pool,liquid_staking,rocket-pool
2024-06-30 00:00:00,2447556882,Rocket Pool,liquid_staking,rocket-pool
2024-07-01 00:00:00,2491852554,Rocket Pool,liquid_staking,rocket-pool
2024-07-02 00:00:00,2495320993,Rocket Pool,liquid_staking,rocket-pool
2024-07-03 00:00:00,2478829098,Rocket Pool,liquid_staking,rocket-pool
2024-07-04 00:00:00,2386692886,Rocket Pool,liquid_staking,rocket-pool
2024-07-05 00:00:00,2220723995,Rocket Pool,liquid_staking,rocket-pool
2024-07-06 00:00:00,2160619172,Rocket Pool,liquid_staking,rocket-pool
2024-07-07 00:00:00,2226466682,Rocket Pool,liquid_staking,rocket-pool
2024-07-08 00:00:00,2123071177,Rocket Pool,liquid_staking,rocket-pool
2024-07-09 00:00:00,2191655804,Rocket Pool,liquid_staking,rocket-pool
2024-07-10 00:00:00,2225667711,Rocket Pool,liquid_staking,rocket-pool
2024-07-11 00:00:00,2253345625,Rocket Pool,liquid_staking,rocket-pool
2024-07-12 00:00:00,2252255726,Rocket Pool,liquid_staking,rocket-pool
2024-07-13 00:00:00,2277156787,Rocket Pool,liquid_staking,rocket-pool
2024-07-14 00:00:00,2310968566,Rocket Pool,liquid_staking,rocket-pool
2024-07-15 00:00:00,2359221723,Rocket Pool,liquid_staking,rocket-pool
2024-07-16 00:00:00,2535854147,Rocket Pool,liquid_staking,rocket-pool
2024-07-17 00:00:00,2507829635,Rocket Pool,liquid_staking,rocket-pool
2024-07-18 00:00:00,2467027110,Rocket Pool,liquid_staking,rocket-pool
2024-07-19 00:00:00,2494701967,Rocket Pool,liquid_staking,rocket-pool
2024-07-20 00:00:00,2551436980,Rocket Pool,liquid_staking,rocket-pool
2024-07-21 00:00:00,2562410039,Rocket Pool,liquid_staking,rocket-pool
2024-07-22 00:00:00,2576446469,Rocket Pool,liquid_staking,rocket-pool
2024-07-23 00:00:00,2507580048,Rocket Pool,liquid_staking,rocket-pool
2024-07-24 00:00:00,2537059825,Rocket Pool,liquid_staking,rocket-pool
2024-07-25 00:00:00,2428343700,Rocket Pool,liquid_staking,rocket-pool
2024-07-26 00:00:00,2317312569,Rocket Pool,liquid_staking,rocket-pool
2024-07-27 00:00:00,2395829746,Rocket Pool,liquid_staking,rocket-pool
2024-07-28 00:00:00,2370969900,Rocket Pool,liquid_staking,rocket-pool
2024-07-29 00:00:00,2393627207,Rocket Pool,liquid_staking,rocket-pool
2024-07-30 00:00:00,2428765989,Rocket Pool,liquid_staking,rocket-pool
2024-07-31 00:00:00,2397565431,Rocket Pool,liquid_staking,rocket-pool
2024-08-01 00:00:00,2363819638,Rocket Pool,liquid_staking,rocket-pool
2024-08-02 00:00:00,2343510196,Rocket Pool,liquid_staking,rocket-pool
2024-08-03 00:00:00,2184685484,Rocket Pool,liquid_staking,rocket-pool
2024-08-04 00:00:00,2125168846,Rocket Pool,liquid_staking,rocket-pool
2024-08-05 00:00:00,1967400240,Rocket Pool,liquid_staking,rocket-pool
2024-08-06 00:00:00,1772761139,Rocket Pool,liquid_staking,rocket-pool
2024-08-07 00:00:00,1806129462,Rocket Pool,liquid_staking,rocket-pool
2024-08-08 00:00:00,1724672248,Rocket Pool,liquid_staking,rocket-pool
2024-08-09 00:00:00,1961868437,Rocket Pool,liquid_staking,rocket-pool
2024-08-10 00:00:00,1884989205,Rocket Pool,liquid_staking,rocket-pool
2024-08-11 00:00:00,1911680242,Rocket Pool,liquid_staking,rocket-pool
2024-08-12 00:00:00,1851637697,Rocket Pool,liquid_staking,rocket-pool
2024-08-13 00:00:00,1986321658,Rocket Pool,liquid_staking,rocket-pool
2024-08-14 00:00:00,1972995883,Rocket Pool,liquid_staking,rocket-pool
2024-08-15 00:00:00,1942096461,Rocket Pool,liquid_staking,rocket-pool
2024-08-16 00:00:00,1875163476,Rocket Pool,liquid_staking,rocket-pool
2024-08-17 00:00:00,1890658610,Rocket Pool,liquid_staking,rocket-pool
2024-08-18 00:00:00,1894630890,Rocket Pool,liquid_staking,rocket-pool
2024-08-19 00:00:00,1895008776,Rocket Pool,liquid_staking,rocket-pool
2024-08-20 00:00:00,1909330269,Rocket Pool,liquid_staking,rocket-pool
2024-08-21 00:00:00,1863984470,Rocket Pool,liquid_staking,rocket-pool
2024-08-22 00:00:00,1906023356,Rocket Pool,liquid_staking,rocket-pool
2024-08-23 00:00:00,1900520409,Rocket Pool,liquid_staking,rocket-pool
2024-08-24 00:00:00,2024833582,Rocket Pool,liquid_staking,rocket-pool
2024-08-25 00:00:00,2028771865,Rocket Pool,liquid_staking,rocket-pool
2024-08-26 00:00:00,2015989258,Rocket Pool,liquid_staking,rocket-pool
2024-08-27 00:00:00,1972502602,Rocket Pool,liquid_staking,rocket-pool
2024-08-28 00:00:00,1808788565,Rocket Pool,liquid_staking,rocket-pool
2024-08-29 00:00:00,1858560370,Rocket Pool,liquid_staking,rocket-pool
2024-08-30 00:00:00,1860724834,Rocket Pool,liquid_staking,rocket-pool
2024-08-31 00:00:00,1858875556,Rocket Pool,liquid_staking,rocket-pool
2024-09-01 00:00:00,1849840973,Rocket Pool,liquid_staking,rocket-pool
2024-09-02 00:00:00,1789130462,Rocket Pool,liquid_staking,rocket-pool
2024-09-03 00:00:00,1869508304,Rocket Pool,liquid_staking,rocket-pool
2024-09-04 00:00:00,1795187718,Rocket Pool,liquid_staking,rocket-pool
2024-09-05 00:00:00,1813623583,Rocket Pool,liquid_staking,rocket-pool
2024-09-06 00:00:00,1754944965,Rocket Pool,liquid_staking,rocket-pool
2024-09-07 00:00:00,1647071264,Rocket Pool,liquid_staking,rocket-pool
2024-09-08 00:00:00,1685260576,Rocket Pool,liquid_staking,rocket-pool
2024-09-09 00:00:00,1686725281,Rocket Pool,liquid_staking,rocket-pool
2024-09-10 00:00:00,1732778910,Rocket Pool,liquid_staking,rocket-pool
2024-09-11 00:00:00,1753946207,Rocket Pool,liquid_staking,rocket-pool
2024-09-12 00:00:00,1718819467,Rocket Pool,liquid_staking,rocket-pool
2024-09-13 00:00:00,1735644534,Rocket Pool,liquid_staking,rocket-pool
2024-09-14 00:00:00,1795684052,Rocket Pool,liquid_staking,rocket-pool
2024-09-15 00:00:00,1777866349,Rocket Pool,liquid_staking,rocket-pool
2024-09-16 00:00:00,1706426355,Rocket Pool,liquid_staking,rocket-pool
2024-09-17 00:00:00,1688459872,Rocket Pool,liquid_staking,rocket-pool
2024-09-18 00:00:00,1720786671,Rocket Pool,liquid_staking,rocket-pool
2024-09-19 00:00:00,1741271621,Rocket Pool,liquid_staking,rocket-pool
2024-09-20 00:00:00,1813191388,Rocket Pool,liquid_staking,rocket-pool
2024-09-21 00:00:00,1883934554,Rocket Pool,liquid_staking,rocket-pool
2024-09-22 00:00:00,1923259224,Rocket Pool,liquid_staking,rocket-pool
2024-09-23 00:00:00,1901173458,Rocket Pool,liquid_staking,rocket-pool
2024-09-24 00:00:00,1948684601,Rocket Pool,liquid_staking,rocket-pool
2024-09-25 00:00:00,1973200541,Rocket Pool,liquid_staking,rocket-pool
2024-09-26 00:00:00,1917082095,Rocket Pool,liquid_staking,rocket-pool
2024-09-27 00:00:00,1957258748,Rocket Pool,liquid_staking,rocket-pool
2024-09-28 00:00:00,2004660380,Rocket Pool,liquid_staking,rocket-pool
2024-09-29 00:00:00,1989293940,Rocket Pool,liquid_staking,rocket-pool
2024-09-30 00:00:00,1976071557,Rocket Pool,liquid_staking,rocket-pool
2024-10-01 00:00:00,1932194743,Rocket Pool,liquid_staking,rocket-pool
2024-10-02 00:00:00,1818881703,Rocket Pool,liquid_staking,rocket-pool
2024-10-03 00:00:00,1757478079,Rocket Pool,liquid_staking,rocket-pool
2024-10-04 00:00:00,1745821280,Rocket Pool,liquid_staking,rocket-pool
2024-10-05 00:00:00,1794893040,Rocket Pool,liquid_staking,rocket-pool
2024-10-06 00:00:00,1796134293,Rocket Pool,liquid_staking,rocket-pool
2024-10-07 00:00:00,1811994165,Rocket Pool,liquid_staking,rocket-pool
2024-10-08 00:00:00,1804201363,Rocket Pool,liquid_staking,rocket-pool
2024-10-09 00:00:00,1818132349,Rocket Pool,liquid_staking,rocket-pool
2024-10-10 00:00:00,1767072237,Rocket Pool,liquid_staking,rocket-pool
2024-10-11 00:00:00,1776426340,Rocket Pool,liquid_staking,rocket-pool
2024-10-12 00:00:00,1815112475,Rocket Pool,liquid_staking,rocket-pool
2024-10-13 00:00:00,1889909437,Rocket Pool,liquid_staking,rocket-pool
2024-10-14 00:00:00,1881019561,Rocket Pool,liquid_staking,rocket-pool
2024-10-15 00:00:00,2006221464,Rocket Pool,liquid_staking,rocket-pool
2024-10-16 00:00:00,1984950312,Rocket Pool,liquid_staking,rocket-pool
2024-10-17 00:00:00,1984481716,Rocket Pool,liquid_staking,rocket-pool
2024-10-18 00:00:00,1977756445,Rocket Pool,liquid_staking,rocket-pool
2024-10-19 00:00:00,2006112263,Rocket Pool,liquid_staking,rocket-pool
2024-10-20 00:00:00,2009728963,Rocket Pool,liquid_staking,rocket-pool
2024-10-21 00:00:00,2079780376,Rocket Pool,liquid_staking,rocket-pool
2024-10-22 00:00:00,2013120348,Rocket Pool,liquid_staking,rocket-pool
2024-10-23 00:00:00,1973998277,Rocket Pool,liquid_staking,rocket-pool
2024-10-24 00:00:00,1897855457,Rocket Pool,liquid_staking,rocket-pool
2024-10-25 00:00:00,1900474502,Rocket Pool,liquid_staking,rocket-pool
2024-10-26 00:00:00,1820016438,Rocket Pool,liquid_staking,rocket-pool
2024-10-27 00:00:00,1847090823,Rocket Pool,liquid_staking,rocket-pool
2024-10-28 00:00:00,1877539005,Rocket Pool,liquid_staking,rocket-pool
2024-10-29 00:00:00,1930113347,Rocket Pool,liquid_staking,rocket-pool
2024-10-30 00:00:00,1984791999,Rocket Pool,liquid_staking,rocket-pool
2024-10-31 00:00:00,2000461596,Rocket Pool,liquid_staking,rocket-pool
2024-11-01 00:00:00,1900296214,Rocket Pool,liquid_staking,rocket-pool
2024-11-02 00:00:00,1901926323,Rocket Pool,liquid_staking,rocket-pool
2024-11-03 00:00:00,1888049947,Rocket Pool,liquid_staking,rocket-pool
2024-11-04 00:00:00,1864786105,Rocket Pool,liquid_staking,rocket-pool
2024-11-05 00:00:00,1821192345,Rocket Pool,liquid_staking,rocket-pool
2024-11-06 00:00:00,1842681540,Rocket Pool,liquid_staking,rocket-pool
2024-11-07 00:00:00,2066408393,Rocket Pool,liquid_staking,rocket-pool
2024-11-08 00:00:00,2198407921,Rocket Pool,liquid_staking,rocket-pool
2024-11-09 00:00:00,2246701787,Rocket Pool,liquid_staking,rocket-pool
2024-11-10 00:00:00,2377919875,Rocket Pool,liquid_staking,rocket-pool
2024-11-11 00:00:00,2425202395,Rocket Pool,liquid_staking,rocket-pool
2024-11-12 00:00:00,2569193364,Rocket Pool,liquid_staking,rocket-pool
2024-11-13 00:00:00,2470044222,Rocket Pool,liquid_staking,rocket-pool
2024-11-14 00:00:00,2426817387,Rocket Pool,liquid_staking,rocket-pool
2024-11-15 00:00:00,2323609872,Rocket Pool,liquid_staking,rocket-pool
2024-11-16 00:00:00,2350912724,Rocket Pool,liquid_staking,rocket-pool
2024-11-17 00:00:00,2345974053,Rocket Pool,liquid_staking,rocket-pool
2024-11-18 00:00:00,2302199627,Rocket Pool,liquid_staking,rocket-pool
2024-11-19 00:00:00,2396977599,Rocket Pool,liquid_staking,rocket-pool
2024-11-20 00:00:00,2330994558,Rocket Pool,liquid_staking,rocket-pool
2024-11-21 00:00:00,2308087366,Rocket Pool,liquid_staking,rocket-pool
2024-11-22 00:00:00,2520479701,Rocket Pool,liquid_staking,rocket-pool
2024-11-23 00:00:00,2495558634,Rocket Pool,liquid_staking,rocket-pool
2024-11-24 00:00:00,2555744628,Rocket Pool,liquid_staking,rocket-pool
2024-11-25 00:00:00,2531501923,Rocket Pool,liquid_staking,rocket-pool
2024-11-26 00:00:00,2566578836,Rocket Pool,liquid_staking,rocket-pool
2024-11-27 00:00:00,2499018499,Rocket Pool,liquid_staking,rocket-pool
2024-11-28 00:00:00,2749381713,Rocket Pool,liquid_staking,rocket-pool
2024-11-29 00:00:00,2695957712,Rocket Pool,liquid_staking,rocket-pool
2024-11-30 00:00:00,2701430236,Rocket Pool,liquid_staking,rocket-pool
2024-12-01 00:00:00,2795830628,Rocket Pool,liquid_staking,rocket-pool
2024-12-02 00:00:00,2783687026,Rocket Pool,liquid_staking,rocket-pool
2024-12-03 00:00:00,2705665871,Rocket Pool,liquid_staking,rocket-pool
2024-12-04 00:00:00,2705798102,Rocket Pool,liquid_staking,rocket-pool
2024-12-05 00:00:00,2861804748,Rocket Pool,liquid_staking,rocket-pool
2024-12-06 00:00:00,2818428414,Rocket Pool,liquid_staking,rocket-pool
2024-12-07 00:00:00,2977583852,Rocket Pool,liquid_staking,rocket-pool
2024-12-08 00:00:00,2968900681,Rocket Pool,liquid_staking,rocket-pool
2024-12-09 00:00:00,2975117638,Rocket Pool,liquid_staking,rocket-pool
2024-12-10 00:00:00,2754765289,Rocket Pool,liquid_staking,rocket-pool
2024-12-11 00:00:00,2706805671,Rocket Pool,liquid_staking,rocket-pool
2024-12-12 00:00:00,2842403350,Rocket Pool,liquid_staking,rocket-pool
2024-12-13 00:00:00,2864737425,Rocket Pool,liquid_staking,rocket-pool
2024-12-14 00:00:00,2908186179,Rocket Pool,liquid_staking,rocket-pool
2024-12-15 00:00:00,2870774703,Rocket Pool,liquid_staking,rocket-pool
2024-12-16 00:00:00,2879804007,Rocket Pool,liquid_staking,rocket-pool
2024-12-17 00:00:00,2954502555,Rocket Pool,liquid_staking,rocket-pool
2024-12-18 00:00:00,2862758719,Rocket Pool,liquid_staking,rocket-pool
2024-12-19 00:00:00,2707363568,Rocket Pool,liquid_staking,rocket-pool
2024-12-20 00:00:00,2532634169,Rocket Pool,liquid_staking,rocket-pool
2024-12-21 00:00:00,2564993430,Rocket Pool,liquid_staking,rocket-pool
2024-12-22 00:00:00,2457986334,Rocket Pool,liquid_staking,rocket-pool
2024-12-23 00:00:00,2439599044,Rocket Pool,liquid_staking,rocket-pool
2024-12-24 00:00:00,2558199565,Rocket Pool,liquid_staking,rocket-pool
2024-12-25 00:00:00,2604252718,Rocket Pool,liquid_staking,rocket-pool
2024-12-26 00:00:00,2595569920,Rocket Pool,liquid_staking,rocket-pool
2024-12-27 00:00:00,2461148672,Rocket Pool,liquid_staking,rocket-pool
2024-12-28 00:00:00,2462432827,Rocket Pool,liquid_staking,rocket-pool
2024-12-29 00:00:00,2524921131,Rocket Pool,liquid_staking,rocket-pool
2024-12-30 00:00:00,2479922585,Rocket Pool,liquid_staking,rocket-pool
2024-12-31 00:00:00,2499599607,Rocket Pool,liquid_staking,rocket-pool
2025-01-01 00:00:00,2480451981,Rocket Pool,liquid_staking,rocket-pool
2025-01-02 00:00:00,2500323426,Rocket Pool,liquid_staking,rocket-pool
2025-01-03 00:00:00,2560705709,Rocket Pool,liquid_staking,rocket-pool
2025-01-04 00:00:00,2679440262,Rocket Pool,liquid_staking,rocket-pool
2025-01-05 00:00:00,2718783016,Rocket Pool,liquid_staking,rocket-pool
2025-01-06 00:00:00,2703830562,Rocket Pool,liquid_staking,rocket-pool
2025-01-07 00:00:00,2736755584,Rocket Pool,liquid_staking,rocket-pool
2025-01-08 00:00:00,2511017856,Rocket Pool,liquid_staking,rocket-pool
2025-01-09 00:00:00,2467261058,Rocket Pool,liquid_staking,rocket-pool
2025-01-10 00:00:00,2387282399,Rocket Pool,liquid_staking,rocket-pool
2025-01-11 00:00:00,2423438671,Rocket Pool,liquid_staking,rocket-pool
2025-01-12 00:00:00,2446397119,Rocket Pool,liquid_staking,rocket-pool
2025-01-13 00:00:00,2415455839,Rocket Pool,liquid_staking,rocket-pool
2025-01-14 00:00:00,2334124543,Rocket Pool,liquid_staking,rocket-pool
2025-01-15 00:00:00,2408558721,Rocket Pool,liquid_staking,rocket-pool
2025-01-16 00:00:00,2560523568,Rocket Pool,liquid_staking,rocket-pool
2025-01-17 00:00:00,2463885286,Rocket Pool,liquid_staking,rocket-pool
2025-01-18 00:00:00,2590581657,Rocket Pool,liquid_staking,rocket-pool
2025-01-19 00:00:00,2444842837,Rocket Pool,liquid_staking,rocket-pool
2025-01-20 00:00:00,2386281204,Rocket Pool,liquid_staking,rocket-pool
2025-01-21 00:00:00,2445948776,Rocket Pool,liquid_staking,rocket-pool
2025-01-22 00:00:00,2473101153,Rocket Pool,liquid_staking,rocket-pool
2025-01-23 00:00:00,2411570712,Rocket Pool,liquid_staking,rocket-pool
2025-01-24 00:00:00,2483819627,Rocket Pool,liquid_staking,rocket-pool
2025-01-25 00:00:00,2462263319,Rocket Pool,liquid_staking,rocket-pool
2025-01-26 00:00:00,2474655177,Rocket Pool,liquid_staking,rocket-pool
2025-01-27 00:00:00,2425029727,Rocket Pool,liquid_staking,rocket-pool
2025-01-28 00:00:00,2349156708,Rocket Pool,liquid_staking,rocket-pool
2025-01-29 00:00:00,2279224537,Rocket Pool,liquid_staking,rocket-pool
2025-01-30 00:00:00,2326183905,Rocket Pool,liquid_staking,rocket-pool
2025-01-31 00:00:00,2428584483,Rocket Pool,liquid_staking,rocket-pool
2025-02-01 00:00:00,2460211759,Rocket Pool,liquid_staking,rocket-pool
2025-02-02 00:00:00,2331831635,Rocket Pool,liquid_staking,rocket-pool
2025-02-03 00:00:00,2099616859,Rocket Pool,liquid_staking,rocket-pool
2025-02-04 00:00:00,2135274548,Rocket Pool,liquid_staking,rocket-pool
2025-02-05 00:00:00,2035832433,Rocket Pool,liquid_staking,rocket-pool
2025-02-06 00:00:00,2078616310,Rocket Pool,liquid_staking,rocket-pool
2025-02-07 00:00:00,2014983276,Rocket Pool,liquid_staking,rocket-pool
2025-02-08 00:00:00,1976037575,Rocket Pool,liquid_staking,rocket-pool
2025-02-09 00:00:00,1950571741,Rocket Pool,liquid_staking,rocket-pool
2025-02-10 00:00:00,1957060757,Rocket Pool,liquid_staking,rocket-pool
2025-02-11 00:00:00,1963393484,Rocket Pool,liquid_staking,rocket-pool
2025-02-12 00:00:00,1919188606,Rocket Pool,liquid_staking,rocket-pool
2025-02-13 00:00:00,2012471642,Rocket Pool,liquid_staking,rocket-pool
2025-02-14 00:00:00,1972809201,Rocket Pool,liquid_staking,rocket-pool
2025-02-15 00:00:00,2000974465,Rocket Pool,liquid_staking,rocket-pool
2025-02-16 00:00:00,1988930904,Rocket Pool,liquid_staking,rocket-pool
2025-02-17 00:00:00,1954558317,Rocket Pool,liquid_staking,rocket-pool
2025-02-18 00:00:00,2003856655,Rocket Pool,liquid_staking,rocket-pool
2025-02-19 00:00:00,1954672402,Rocket Pool,liquid_staking,rocket-pool
2025-02-20 00:00:00,1979918043,Rocket Pool,liquid_staking,rocket-pool
2025-02-21 00:00:00,1978372342,Rocket Pool,liquid_staking,rocket-pool
2025-02-22 00:00:00,1918197155,Rocket Pool,liquid_staking,rocket-pool
2025-02-23 00:00:00,1992664404,Rocket Pool,liquid_staking,rocket-pool
2025-02-24 00:00:00,2040450790,Rocket Pool,liquid_staking,rocket-pool
2025-02-25 00:00:00,1805480205,Rocket Pool,liquid_staking,rocket-pool
2025-02-26 00:00:00,1792606599,Rocket Pool,liquid_staking,rocket-pool
2025-02-27 00:00:00,1676062000,Rocket Pool,liquid_staking,rocket-pool
2025-02-28 00:00:00,1658128803,Rocket Pool,liquid_staking,rocket-pool
2025-03-01 00:00:00,1613369928,Rocket Pool,liquid_staking,rocket-pool
2025-03-02 00:00:00,1596736669,Rocket Pool,liquid_staking,rocket-pool
2025-03-03 00:00:00,1812225310,Rocket Pool,liquid_staking,rocket-pool
2025-03-04 00:00:00,1558274826,Rocket Pool,liquid_staking,rocket-pool
2025-03-05 00:00:00,1565079072,Rocket Pool,liquid_staking,rocket-pool
2025-03-06 00:00:00,1629044630,Rocket Pool,liquid_staking,rocket-pool
2025-03-07 00:00:00,1536788161,Rocket Pool,liquid_staking,rocket-pool
2025-03-08 00:00:00,1537637396,Rocket Pool,liquid_staking,rocket-pool
2025-03-09 00:00:00,1581405530,Rocket Pool,liquid_staking,rocket-pool
2025-03-10 00:00:00,1457618340,Rocket Pool,liquid_staking,rocket-pool
2025-03-11 00:00:00,1347895340,Rocket Pool,liquid_staking,rocket-pool
2025-03-12 00:00:00,1379906796,Rocket Pool,liquid_staking,rocket-pool
2025-03-13 00:00:00,1371813512,Rocket Pool,liquid_staking,rocket-pool
2025-03-14 00:00:00,1342193107,Rocket Pool,liquid_staking,rocket-pool
2025-03-15 00:00:00,1372963821,Rocket Pool,liquid_staking,rocket-pool
2025-03-16 00:00:00,1395138470,Rocket Pool,liquid_staking,rocket-pool
2025-03-17 00:00:00,1364727315,Rocket Pool,liquid_staking,rocket-pool
2025-03-18 00:00:00,1382006568,Rocket Pool,liquid_staking,rocket-pool
2025-03-19 00:00:00,1384049136,Rocket Pool,liquid_staking,rocket-pool
2025-03-20 00:00:00,1464736787,Rocket Pool,liquid_staking,rocket-pool
2025-03-21 00:00:00,1418613248,Rocket Pool,liquid_staking,rocket-pool
2025-03-22 00:00:00,1412463297,Rocket Pool,liquid_staking,rocket-pool
2025-03-23 00:00:00,1403460763,Rocket Pool,liquid_staking,rocket-pool
2025-03-24 00:00:00,1421380445,Rocket Pool,liquid_staking,rocket-pool
2025-03-25 00:00:00,1479394860,Rocket Pool,liquid_staking,rocket-pool
2025-03-26 00:00:00,1462103056,Rocket Pool,liquid_staking,rocket-pool
2025-03-27 00:00:00,1422253658,Rocket Pool,liquid_staking,rocket-pool
2025-03-28 00:00:00,1415786477,Rocket Pool,liquid_staking,rocket-pool
2025-03-29 00:00:00,1340275027,Rocket Pool,liquid_staking,rocket-pool
2025-03-30 00:00:00,1286334761,Rocket Pool,liquid_staking,rocket-pool
2025-03-31 00:00:00,1274213951,Rocket Pool,liquid_staking,rocket-pool
2025-04-01 00:00:00,1289678436,Rocket Pool,liquid_staking,rocket-pool
2025-04-02 00:00:00,1343670760,Rocket Pool,liquid_staking,rocket-pool
2025-04-03 00:00:00,1268272935,Rocket Pool,liquid_staking,rocket-pool
2025-04-04 00:00:00,1280610416,Rocket Pool,liquid_staking,rocket-pool
2025-04-05 00:00:00,1283539199,Rocket Pool,liquid_staking,rocket-pool
2025-04-06 00:00:00,1275426615,Rocket Pool,liquid_staking,rocket-pool
2025-04-07 00:00:00,1109211072,Rocket Pool,liquid_staking,rocket-pool
2025-04-08 00:00:00,1098963856,Rocket Pool,liquid_staking,rocket-pool
2025-04-09 00:00:00,1035503230,Rocket Pool,liquid_staking,rocket-pool
2025-04-10 00:00:00,1160227241,Rocket Pool,liquid_staking,rocket-pool
2025-04-11 00:00:00,1067475921,Rocket Pool,liquid_staking,rocket-pool
2025-04-12 00:00:00,1093375497,Rocket Pool,liquid_staking,rocket-pool
2025-04-13 00:00:00,1148691725,Rocket Pool,liquid_staking,rocket-pool
2025-04-14 00:00:00,1120887000,Rocket Pool,liquid_staking,rocket-pool
2025-04-15 00:00:00,1136535868,Rocket Pool,liquid_staking,rocket-pool
2025-04-16 00:00:00,1102872357,Rocket Pool,liquid_staking,rocket-pool
2025-04-17 00:00:00,1095888451,Rocket Pool,liquid_staking,rocket-pool
2025-04-18 00:00:00,1099998364,Rocket Pool,liquid_staking,rocket-pool
2025-04-19 00:00:00,1103748906,Rocket Pool,liquid_staking,rocket-pool
2025-04-20 00:00:00,1118029967,Rocket Pool,liquid_staking,rocket-pool
2025-04-21 00:00:00,1112929974,Rocket Pool,liquid_staking,rocket-pool
2025-04-22 00:00:00,1093300325,Rocket Pool,liquid_staking,rocket-pool
2025-04-23 00:00:00,1219807327,Rocket Pool,liquid_staking,rocket-pool
2025-04-24 00:00:00,1247124570,Rocket Pool,liquid_staking,rocket-pool
2025-04-25 00:00:00,1230843164,Rocket Pool,liquid_staking,rocket-pool
2025-04-26 00:00:00,1240607674,Rocket Pool,liquid_staking,rocket-pool
2025-04-27 00:00:00,1261020256,Rocket Pool,liquid_staking,rocket-pool
2025-04-28 00:00:00,1212262899,Rocket Pool,liquid_staking,rocket-pool
2025-04-29 00:00:00,1215851443,Rocket Pool,liquid_staking,rocket-pool
2025-04-30 00:00:00,1213837924,Rocket Pool,liquid_staking,rocket-pool
2025-05-01 00:00:00,1210372692,Rocket Pool,liquid_staking,rocket-pool
2025-05-02 00:00:00,1241950043,Rocket Pool,liquid_staking,rocket-pool
2025-05-03 00:00:00,1242237386,Rocket Pool,liquid_staking,rocket-pool
2025-05-04 00:00:00,1236995301,Rocket Pool,liquid_staking,rocket-pool
2025-05-05 00:00:00,1220583600,Rocket Pool,liquid_staking,rocket-pool
2025-05-06 00:00:00,1216021189,Rocket Pool,liquid_staking,rocket-pool
2025-05-07 00:00:00,1237619320,Rocket Pool,liquid_staking,rocket-pool
2025-05-08 00:00:00,1222912252,Rocket Pool,liquid_staking,rocket-pool
2025-05-09 00:00:00,1479399982,Rocket Pool,liquid_staking,rocket-pool
2025-05-10 00:00:00,1578850464,Rocket Pool,liquid_staking,rocket-pool
2025-05-11 00:00:00,1730720496,Rocket Pool,liquid_staking,rocket-pool
2025-05-12 00:00:00,1691829068,Rocket Pool,liquid_staking,rocket-pool
2025-05-13 00:00:00,1660421102,Rocket Pool,liquid_staking,rocket-pool
2025-05-14 00:00:00,1805316286,Rocket Pool,liquid_staking,rocket-pool
2025-05-15 00:00:00,1753611439,Rocket Pool,liquid_staking,rocket-pool
2025-05-16 00:00:00,1706673164,Rocket Pool,liquid_staking,rocket-pool
2025-05-17 00:00:00,1712646175,Rocket Pool,liquid_staking,rocket-pool
2025-05-18 00:00:00,1664278276,Rocket Pool,liquid_staking,rocket-pool
2025-05-19 00:00:00,1639895562,Rocket Pool,liquid_staking,rocket-pool
2025-05-20 00:00:00,1697194313,Rocket Pool,liquid_staking,rocket-pool
2025-05-21 00:00:00,1695868360,Rocket Pool,liquid_staking,rocket-pool
2025-05-22 00:00:00,1720387163,Rocket Pool,liquid_staking,rocket-pool
2025-05-23 00:00:00,1781552401,Rocket Pool,liquid_staking,rocket-pool
2025-05-24 00:00:00,1695042003,Rocket Pool,liquid_staking,rocket-pool
2025-05-25 00:00:00,1694088302,Rocket Pool,liquid_staking,rocket-pool
2025-05-26 00:00:00,1713715346,Rocket Pool,liquid_staking,rocket-pool
2025-05-27 00:00:00,1722841074,Rocket Pool,liquid_staking,rocket-pool
2025-05-28 00:00:00,1780336067,Rocket Pool,liquid_staking,rocket-pool
2025-05-29 00:00:00,1795816325,Rocket Pool,liquid_staking,rocket-pool
2025-05-30 00:00:00,1750793225,Rocket Pool,liquid_staking,rocket-pool
2025-05-31 00:00:00,1692332731,Rocket Pool,liquid_staking,rocket-pool
2025-06-01 00:00:00,1682476258,Rocket Pool,liquid_staking,rocket-pool
2025-06-02 00:00:00,1697059959,Rocket Pool,liquid_staking,rocket-pool
2025-06-03 00:00:00,1749677904,Rocket Pool,liquid_staking,rocket-pool
2025-06-04 00:00:00,1731011782,Rocket Pool,liquid_staking,rocket-pool
2025-06-05 00:00:00,1750092523,Rocket Pool,liquid_staking,rocket-pool
2025-06-06 00:00:00,1617646703,Rocket Pool,liquid_staking,rocket-pool
2025-06-07 00:00:00,1661940901,Rocket Pool,liquid_staking,rocket-pool
2025-06-08 00:00:00,1687138232,Rocket Pool,liquid_staking,rocket-pool
2025-06-09 00:00:00,1676862700,Rocket Pool,liquid_staking,rocket-pool
2025-06-10 00:00:00,1796340119,Rocket Pool,liquid_staking,rocket-pool
2025-06-11 00:00:00,1870603636,Rocket Pool,liquid_staking,rocket-pool
2025-06-12 00:00:00,1855784186,Rocket Pool,liquid_staking,rocket-pool
2025-06-13 00:00:00,1684758810,Rocket Pool,liquid_staking,rocket-pool
2025-06-14 00:00:00,1715849171,Rocket Pool,liquid_staking,rocket-pool
2025-06-15 00:00:00,1694778233,Rocket Pool,liquid_staking,rocket-pool
2025-06-16 00:00:00,1705813045,Rocket Pool,liquid_staking,rocket-pool
2025-06-17 00:00:00,1701157637,Rocket Pool,liquid_staking,rocket-pool
2025-06-18 00:00:00,1684558310,Rocket Pool,liquid_staking,rocket-pool
2025-06-19 00:00:00,1686909541,Rocket Pool,liquid_staking,rocket-pool
2025-06-20 00:00:00,1683167902,Rocket Pool,liquid_staking,rocket-pool
2025-06-21 00:00:00,1599744082,Rocket Pool,liquid_staking,rocket-pool
2025-06-22 00:00:00,1520645919,Rocket Pool,liquid_staking,rocket-pool
2025-06-23 00:00:00,1496626473,Rocket Pool,liquid_staking,rocket-pool
2025-06-24 00:00:00,1601923558,Rocket Pool,liquid_staking,rocket-pool
2025-06-25 00:00:00,1628178880,Rocket Pool,liquid_staking,rocket-pool
2025-06-26 00:00:00,1610831827,Rocket Pool,liquid_staking,rocket-pool
2025-06-27 00:00:00,1610376601,Rocket Pool,liquid_staking,rocket-pool
2025-06-28 00:00:00,1612517179,Rocket Pool,liquid_staking,rocket-pool
2025-06-29 00:00:00,1622628513,Rocket Pool,liquid_staking,rocket-pool
2025-06-30 00:00:00,1667221894,Rocket Pool,liquid_staking,rocket-pool
2025-07-01 00:00:00,1661188281,Rocket Pool,liquid_staking,rocket-pool
2025-07-02 00:00:00,1604489956,Rocket Pool,liquid_staking,rocket-pool
2025-07-03 00:00:00,1717145055,Rocket Pool,liquid_staking,rocket-pool
2025-07-04 00:00:00,1729426828,Rocket Pool,liquid_staking,rocket-pool
2025-07-05 00:00:00,1679945338,Rocket Pool,liquid_staking,rocket-pool
2025-07-06 00:00:00,1682234795,Rocket Pool,liquid_staking,rocket-pool
2025-07-07 00:00:00,1717961602,Rocket Pool,liquid_staking,rocket-pool
2025-07-08 00:00:00,1696966433,Rocket Pool,liquid_staking,rocket-pool
2025-07-09 00:00:00,1743010307,Rocket Pool,liquid_staking,rocket-pool
2025-07-10 00:00:00,1852409814,Rocket Pool,liquid_staking,rocket-pool
2025-07-11 00:00:00,1964185398,Rocket Pool,liquid_staking,rocket-pool
2025-07-12 00:00:00,1965145396,Rocket Pool,liquid_staking,rocket-pool
2025-07-13 00:00:00,1965601228,Rocket Pool,liquid_staking,rocket-pool
2025-07-14 00:00:00,1978013425,Rocket Pool,liquid_staking,rocket-pool
2025-07-15 00:00:00,2012907757,Rocket Pool,liquid_staking,rocket-pool
2025-07-16 00:00:00,2092980607,Rocket Pool,liquid_staking,rocket-pool
2025-07-17 00:00:00,2241601677,Rocket Pool,liquid_staking,rocket-pool
2025-07-18 00:00:00,2319316100,Rocket Pool,liquid_staking,rocket-pool
2025-07-19 00:00:00,2370326035,Rocket Pool,liquid_staking,rocket-pool
2025-07-20 00:00:00,2389999586,Rocket Pool,liquid_staking,rocket-pool
2025-07-21 00:00:00,2492254054,Rocket Pool,liquid_staking,rocket-pool
2025-07-22 00:00:00,2516671075,Rocket Pool,liquid_staking,rocket-pool
2025-07-23 00:00:00,2491373255,Rocket Pool,liquid_staking,rocket-pool
2025-07-24 00:00:00,2426542398,Rocket Pool,liquid_staking,rocket-pool
2025-07-25 00:00:00,2470646566,Rocket Pool,liquid_staking,rocket-pool
2025-07-26 00:00:00,2483522683,Rocket Pool,liquid_staking,rocket-pool
2025-07-27 00:00:00,2495166380,Rocket Pool,liquid_staking,rocket-pool
2025-07-28 00:00:00,2583172501,Rocket Pool,liquid_staking,rocket-pool
2025-07-29 00:00:00,2536769855,Rocket Pool,liquid_staking,rocket-pool
2025-07-30 00:00:00,2525110399,Rocket Pool,liquid_staking,rocket-pool
2025-07-31 00:00:00,2563959381,Rocket Pool,liquid_staking,rocket-pool
2025-08-01 00:00:00,2464383327,Rocket Pool,liquid_staking,rocket-pool
2025-08-02 00:00:00,2328616801,Rocket Pool,liquid_staking,rocket-pool
2025-08-03 00:00:00,2263985421,Rocket Pool,liquid_staking,rocket-pool
2025-08-04 00:00:00,2365416307,Rocket Pool,liquid_staking,rocket-pool
2025-08-05 00:00:00,2472549774,Rocket Pool,liquid_staking,rocket-pool
2025-08-06 00:00:00,2386608032,Rocket Pool,liquid_staking,rocket-pool
2025-08-07 00:00:00,2458419580,Rocket Pool,liquid_staking,rocket-pool
2025-08-08 00:00:00,2626477102,Rocket Pool,liquid_staking,rocket-pool
2025-08-09 00:00:00,2681315013,Rocket Pool,liquid_staking,rocket-pool
2025-08-10 00:00:00,2871055789,Rocket Pool,liquid_staking,rocket-pool
2025-08-11 00:00:00,2853243667,Rocket Pool,liquid_staking,rocket-pool
2025-08-12 00:00:00,2854304848,Rocket Pool,liquid_staking,rocket-pool
2025-08-13 00:00:00,3081932024,Rocket Pool,liquid_staking,rocket-pool
2025-08-14 00:00:00,3172240128,Rocket Pool,liquid_staking,rocket-pool
2025-08-15 00:00:00,3053463219,Rocket Pool,liquid_staking,rocket-pool
2025-08-16 00:00:00,2933885267,Rocket Pool,liquid_staking,rocket-pool
2025-08-17 00:00:00,2895813026,Rocket Pool,liquid_staking,rocket-pool
2025-08-18 00:00:00,2916376942,Rocket Pool,liquid_staking,rocket-pool
2025-08-19 00:00:00,2827420835,Rocket Pool,liquid_staking,rocket-pool
2025-08-20 00:00:00,2691195576,Rocket Pool,liquid_staking,rocket-pool
2025-08-21 00:00:00,2842495328,Rocket Pool,liquid_staking,rocket-pool
2025-08-22 00:00:00,2781079489,Rocket Pool,liquid_staking,rocket-pool
2025-08-23 00:00:00,3163761507,Rocket Pool,liquid_staking,rocket-pool
2025-08-24 00:00:00,3129545898,Rocket Pool,liquid_staking,rocket-pool
2025-08-25 00:00:00,3126923161,Rocket Pool,liquid_staking,rocket-pool
2025-08-26 00:00:00,2857259383,Rocket Pool,liquid_staking,rocket-pool
2025-08-27 00:00:00,2994991297,Rocket Pool,liquid_staking,rocket-pool
2025-08-28 00:00:00,2940536077,Rocket Pool,liquid_staking,rocket-pool
2025-08-29 00:00:00,2927601481,Rocket Pool,liquid_staking,rocket-pool
2025-08-30 00:00:00,2820454248,Rocket Pool,liquid_staking,rocket-pool
2025-08-31 00:00:00,2850369945,Rocket Pool,liquid_staking,rocket-pool
2025-09-01 00:00:00,2849060484,Rocket Pool,liquid_staking,rocket-pool
2025-09-02 00:00:00,2798783339,Rocket Pool,liquid_staking,rocket-pool
2025-09-03 00:00:00,2805722373,Rocket Pool,liquid_staking,rocket-pool
2025-09-04 00:00:00,2901829190,Rocket Pool,liquid_staking,rocket-pool
2025-09-05 00:00:00,2789386295,Rocket Pool,liquid_staking,rocket-pool
2025-09-06 00:00:00,2802772982,Rocket Pool,liquid_staking,rocket-pool
2025-09-07 00:00:00,2771920630,Rocket Pool,liquid_staking,rocket-pool
2025-09-08 00:00:00,2775633748,Rocket Pool,liquid_staking,rocket-pool
2025-09-09 00:00:00,2781860446,Rocket Pool,liquid_staking,rocket-pool
2025-09-10 00:00:00,2780854090,Rocket Pool,liquid_staking,rocket-pool
2025-09-11 00:00:00,2807716679,Rocket Pool,liquid_staking,rocket-pool
2025-09-12 00:00:00,2864156332,Rocket Pool,liquid_staking,rocket-pool
2025-09-13 00:00:00,3004861342,Rocket Pool,liquid_staking,rocket-pool
2025-09-14 00:00:00,2984266744,Rocket Pool,liquid_staking,rocket-pool
2025-09-15 00:00:00,2946838833,Rocket Pool,liquid_staking,rocket-pool
2025-09-16 00:00:00,2881874810,Rocket Pool,liquid_staking,rocket-pool
2025-09-17 00:00:00,2882835275,Rocket Pool,liquid_staking,rocket-pool
2025-09-18 00:00:00,2932702212,Rocket Pool,liquid_staking,rocket-pool
2025-09-19 00:00:00,2941112234,Rocket Pool,liquid_staking,rocket-pool
2025-09-20 00:00:00,2850522787,Rocket Pool,liquid_staking,rocket-pool
2025-09-21 00:00:00,2852496249,Rocket Pool,liquid_staking,rocket-pool
2025-09-22 00:00:00,2832725783,Rocket Pool,liquid_staking,rocket-pool
2025-09-23 00:00:00,2673805852,Rocket Pool,liquid_staking,rocket-pool
2025-09-24 00:00:00,2650706060,Rocket Pool,liquid_staking,rocket-pool
2025-09-25 00:00:00,2643478275,Rocket Pool,liquid_staking,rocket-pool
2025-09-26 00:00:00,2476269869,Rocket Pool,liquid_staking,rocket-pool
2025-09-27 00:00:00,2560169707,Rocket Pool,liquid_staking,rocket-pool
2025-09-28 00:00:00,2546161968,Rocket Pool,liquid_staking,rocket-pool
2025-09-29 00:00:00,2626771771,Rocket Pool,liquid_staking,rocket-pool
2025-09-30 00:00:00,2675960332,Rocket Pool,liquid_staking,rocket-pool
2025-10-01 00:00:00,2633248137,Rocket Pool,liquid_staking,rocket-pool
2025-10-02 00:00:00,2759256411,Rocket Pool,liquid_staking,rocket-pool
2025-10-03 00:00:00,2845525137,Rocket Pool,liquid_staking,rocket-pool
2025-10-04 00:00:00,2871721546,Rocket Pool,liquid_staking,rocket-pool
2025-10-05 00:00:00,2850388674,Rocket Pool,liquid_staking,rocket-pool
2025-10-06 00:00:00,2866551472,Rocket Pool,liquid_staking,rocket-pool
2025-10-07 00:00:00,2977728684,Rocket Pool,liquid_staking,rocket-pool
2025-10-08 00:00:00,2831311238,Rocket Pool,liquid_staking,rocket-pool
2025-10-09 00:00:00,2872487250,Rocket Pool,liquid_staking,rocket-pool
2025-10-10 00:00:00,2773858156,Rocket Pool,liquid_staking,rocket-pool
2025-10-11 00:00:00,2448457908,Rocket Pool,liquid_staking,rocket-pool
2025-10-12 00:00:00,2365359317,Rocket Pool,liquid_staking,rocket-pool
2025-10-13 00:00:00,2639359071,Rocket Pool,liquid_staking,rocket-pool
2025-10-14 00:00:00,2693554463,Rocket Pool,liquid_staking,rocket-pool
2025-10-15 00:00:00,2605447776,Rocket Pool,liquid_staking,rocket-pool
2025-10-16 00:00:00,2527894705,Rocket Pool,liquid_staking,rocket-pool
2025-10-17 00:00:00,2468839087,Rocket Pool,liquid_staking,rocket-pool
2025-10-18 00:00:00,2434351153,Rocket Pool,liquid_staking,rocket-pool
2025-10-19 00:00:00,2463781752,Rocket Pool,liquid_staking,rocket-pool
2025-10-20 00:00:00,2524784506,Rocket Pool,liquid_staking,rocket-pool
2025-10-21 00:00:00,2517194366,Rocket Pool,liquid_staking,rocket-pool
2025-10-22 00:00:00,2450302347,Rocket Pool,liquid_staking,rocket-pool
2025-10-23 00:00:00,2415166917,Rocket Pool,liquid_staking,rocket-pool
2025-10-24 00:00:00,2442479936,Rocket Pool,liquid_staking,rocket-pool
2025-10-25 00:00:00,2486677200,Rocket Pool,liquid_staking,rocket-pool
2025-10-26 00:00:00,2504231673,Rocket Pool,liquid_staking,rocket-pool
2025-10-27 00:00:00,2640711487,Rocket Pool,liquid_staking,rocket-pool
2025-10-28 00:00:00,2602661254,Rocket Pool,liquid_staking,rocket-pool
2025-10-29 00:00:00,2525007162,Rocket Pool,liquid_staking,rocket-pool
2025-10-30 00:00:00,2477568300,Rocket Pool,liquid_staking,rocket-pool
2025-10-31 00:00:00,2434712383,Rocket Pool,liquid_staking,rocket-pool
2025-11-01 00:00:00,2426231838,Rocket Pool,liquid_staking,rocket-pool
2025-11-02 00:00:00,2438636405,Rocket Pool,liquid_staking,rocket-pool
2025-11-03 00:00:00,2430766952,Rocket Pool,liquid_staking,rocket-pool
2025-11-04 00:00:00,2255896259,Rocket Pool,liquid_staking,rocket-pool
2025-11-05 00:00:00,2062278218,Rocket Pool,liquid_staking,rocket-pool
2025-11-06 00:00:00,2131526472,Rocket Pool,liquid_staking,rocket-pool
2025-11-07 00:00:00,2076537884,Rocket Pool,liquid_staking,rocket-pool
2025-11-08 00:00:00,2140046410,Rocket Pool,liquid_staking,rocket-pool
2025-11-09 00:00:00,2117911205,Rocket Pool,liquid_staking,rocket-pool
2025-11-10 00:00:00,2262370106,Rocket Pool,liquid_staking,rocket-pool
2025-11-11 00:00:00,2220499296,Rocket Pool,liquid_staking,rocket-pool
2025-11-12 00:00:00,2117317816,Rocket Pool,liquid_staking,rocket-pool
2025-11-13 00:00:00,2105936881,Rocket Pool,liquid_staking,rocket-pool
2025-11-14 00:00:00,1967235065,Rocket Pool,liquid_staking,rocket-pool
2025-11-15 00:00:00,1933062793,Rocket Pool,liquid_staking,rocket-pool
2025-11-16 00:00:00,1950851018,Rocket Pool,liquid_staking,rocket-pool
2025-11-17 00:00:00,1902643432,Rocket Pool,liquid_staking,rocket-pool
2025-11-18 00:00:00,1856243070,Rocket Pool,liquid_staking,rocket-pool
2025-11-19 00:00:00,1894170196,Rocket Pool,liquid_staking,rocket-pool
2025-11-20 00:00:00,1860013189,Rocket Pool,liquid_staking,rocket-pool
2025-11-21 00:00:00,1750254794,Rocket Pool,liquid_staking,rocket-pool
2025-11-22 00:00:00,1694698431,Rocket Pool,liquid_staking,rocket-pool
2025-11-23 00:00:00,1705766066,Rocket Pool,liquid_staking,rocket-pool
2025-11-24 00:00:00,1716000662,Rocket Pool,liquid_staking,rocket-pool
2025-11-25 00:00:00,1791656237,Rocket Pool,liquid_staking,rocket-pool
2025-11-26 00:00:00,1798616129,Rocket Pool,liquid_staking,rocket-pool
2025-11-27 00:00:00,1833386629,Rocket Pool,liquid_staking,rocket-pool
2025-11-28 00:00:00,1831771853,Rocket Pool,liquid_staking,rocket-pool
2025-11-29 00:00:00,1843045847,Rocket Pool,liquid_staking,rocket-pool
2025-11-30 00:00:00,1816881437,Rocket Pool,liquid_staking,rocket-pool
2025-12-01 00:00:00,1807885304,Rocket Pool,liquid_staking,rocket-pool
2025-12-02 00:00:00,1680755701,Rocket Pool,liquid_staking,rocket-pool
2025-12-03 00:00:00,1807859969,Rocket Pool,liquid_staking,rocket-pool
2025-12-04 00:00:00,1923459862,Rocket Pool,liquid_staking,rocket-pool
2025-12-05 00:00:00,1887096398,Rocket Pool,liquid_staking,rocket-pool
2025-12-06 00:00:00,1806631232,Rocket Pool,liquid_staking,rocket-pool
2025-12-07 00:00:00,1824301972,Rocket Pool,liquid_staking,rocket-pool
2025-12-08 00:00:00,1829272257,Rocket Pool,liquid_staking,rocket-pool
2025-12-09 00:00:00,1878148216,Rocket Pool,liquid_staking,rocket-pool
2025-12-10 00:00:00,1980357230,Rocket Pool,liquid_staking,rocket-pool
2025-12-11 00:00:00,1986518495,Rocket Pool,liquid_staking,rocket-pool
2025-12-12 00:00:00,1933862548,Rocket Pool,liquid_staking,rocket-pool
2025-12-13 00:00:00,1844731164,Rocket Pool,liquid_staking,rocket-pool
2025-12-14 00:00:00,1859335182,Rocket Pool,liquid_staking,rocket-pool
2025-12-15 00:00:00,1833691581,Rocket Pool,liquid_staking,rocket-pool
2025-12-16 00:00:00,1770358443,Rocket Pool,liquid_staking,rocket-pool
2025-12-17 00:00:00,1760483420,Rocket Pool,liquid_staking,rocket-pool
2025-12-18 00:00:00,1687493359,Rocket Pool,liquid_staking,rocket-pool
2025-12-19 00:00:00,1676589748,Rocket Pool,liquid_staking,rocket-pool
2025-12-20 00:00:00,1764733253,Rocket Pool,liquid_staking,rocket-pool
2025-12-21 00:00:00,1763146365,Rocket Pool,liquid_staking,rocket-pool
2025-12-22 00:00:00,1790421977,Rocket Pool,liquid_staking,rocket-pool
2025-12-23 00:00:00,1786716914,Rocket Pool,liquid_staking,rocket-pool
2025-12-24 00:00:00,1747487482,Rocket Pool,liquid_staking,rocket-pool
2025-12-25 00:00:00,1736005865,Rocket Pool,liquid_staking,rocket-pool
2025-12-26 00:00:00,1706032787,Rocket Pool,liquid_staking,rocket-pool
2025-12-27 00:00:00,1720605987,Rocket Pool,liquid_staking,rocket-pool
2025-12-28 00:00:00,1731868509,Rocket Pool,liquid_staking,rocket-pool
2025-12-29 00:00:00,1733716720,Rocket Pool,liquid_staking,rocket-pool
2025-12-30 00:00:00,1722236807,Rocket Pool,liquid_staking,rocket-pool
2025-12-31 00:00:00,1736365351,Rocket Pool,liquid_staking,rocket-pool
2026-01-01 00:00:00,1741522343,Rocket Pool,liquid_staking,rocket-pool
2026-01-02 00:00:00,1758376060,Rocket Pool,liquid_staking,rocket-pool
2026-01-03 00:00:00,1829895823,Rocket Pool,liquid_staking,rocket-pool
2026-01-04 00:00:00,1835844043,Rocket Pool,liquid_staking,rocket-pool
2026-01-05 00:00:00,1832974669,Rocket Pool,liquid_staking,rocket-pool
2026-01-06 00:00:00,1863643682,Rocket Pool,liquid_staking,rocket-pool
2026-01-07 00:00:00,1908614461,Rocket Pool,liquid_staking,rocket-pool
2026-01-08 00:00:00,1832033167,Rocket Pool,liquid_staking,rocket-pool
2026-01-09 00:00:00,1804256303,Rocket Pool,liquid_staking,rocket-pool
2026-01-10 00:00:00,1789660668,Rocket Pool,liquid_staking,rocket-pool
2026-01-11 00:00:00,1786178066,Rocket Pool,liquid_staking,rocket-pool
2026-01-12 00:00:00,1807490832,Rocket Pool,liquid_staking,rocket-pool
2026-01-13 00:00:00,1798708296,Rocket Pool,liquid_staking,rocket-pool
2026-01-14 00:00:00,1920171095,Rocket Pool,liquid_staking,rocket-pool
2026-01-15 00:00:00,1937286851,Rocket Pool,liquid_staking,rocket-pool
2026-01-16 00:00:00,1915747732,Rocket Pool,liquid_staking,rocket-pool
2026-01-17 00:00:00,1898575221,Rocket Pool,liquid_staking,rocket-pool
2026-01-18 00:00:00,1908710018,Rocket Pool,liquid_staking,rocket-pool
2026-01-19 00:00:00,1853389057,Rocket Pool,liquid_staking,rocket-pool
2026-01-20 00:00:00,1839548004,Rocket Pool,liquid_staking,rocket-pool
2026-01-21 00:00:00,1685594323,Rocket Pool,liquid_staking,rocket-pool
2026-01-22 00:00:00,1719128741,Rocket Pool,liquid_staking,rocket-pool
2026-01-23 00:00:00,1702885913,Rocket Pool,liquid_staking,rocket-pool
2026-01-24 00:00:00,1703495435,Rocket Pool,liquid_staking,rocket-pool
2026-01-25 00:00:00,1704818732,Rocket Pool,liquid_staking,rocket-pool
2026-01-26 00:00:00,1636219747,Rocket Pool,liquid_staking,rocket-pool
2026-01-27 00:00:00,1693552646,Rocket Pool,liquid_staking,rocket-pool
2026-01-28 00:00:00,1751611246,Rocket Pool,liquid_staking,rocket-pool
2026-01-29 00:00:00,1745058036,Rocket Pool,liquid_staking,rocket-pool
2026-01-30 00:00:00,1628157050,Rocket Pool,liquid_staking,rocket-pool
2026-01-31 00:00:00,1562023326,Rocket Pool,liquid_staking,rocket-pool
2026-02-01 00:00:00,1426573867,Rocket Pool,liquid_staking,rocket-pool
2026-02-02 00:00:00,1311937556,Rocket Pool,liquid_staking,rocket-pool
2026-02-03 00:00:00,1354708128,Rocket Pool,liquid_staking,rocket-pool
2026-02-04 00:00:00,1302439634,Rocket Pool,liquid_staking,rocket-pool
2026-02-05 00:00:00,1232266251,Rocket Pool,liquid_staking,rocket-pool
2026-02-06 00:00:00,1029215898,Rocket Pool,liquid_staking,rocket-pool
2026-02-07 00:00:00,1160971226,Rocket Pool,liquid_staking,rocket-pool
2026-02-08 00:00:00,1175409551,Rocket Pool,liquid_staking,rocket-pool
2026-02-09 00:00:00,1172864839,Rocket Pool,liquid_staking,rocket-pool
2026-02-10 00:00:00,1183713664,Rocket Pool,liquid_staking,rocket-pool
2026-02-11 00:00:00,1133525015,Rocket Pool,liquid_staking,rocket-pool
2026-02-12 00:00:00,1091687317,Rocket Pool,liquid_staking,rocket-pool
2026-02-13 00:00:00,1089866605,Rocket Pool,liquid_staking,rocket-pool
2026-02-14 00:00:00,1145127541,Rocket Pool,liquid_staking,rocket-pool
2026-02-15 00:00:00,1162905994,Rocket Pool,liquid_staking,rocket-pool
2026-02-16 00:00:00,1100967153,Rocket Pool,liquid_staking,rocket-pool
2026-02-17 00:00:00,1115221156,Rocket Pool,liquid_staking,rocket-pool
2026-02-18 00:00:00,1065409702,Rocket Pool,liquid_staking,rocket-pool
2026-02-19 00:00:00,1053479827,Rocket Pool,liquid_staking,rocket-pool
2026-02-20 00:00:00,1057418900,Rocket Pool,liquid_staking,rocket-pool
2026-02-21 00:00:00,1067640767,Rocket Pool,liquid_staking,rocket-pool
2026-02-22 00:00:00,1072818188,Rocket Pool,liquid_staking,rocket-pool
2026-02-23 00:00:00,1057247152,Rocket Pool,liquid_staking,rocket-pool
2026-02-24 00:00:00,1009029736,Rocket Pool,liquid_staking,rocket-pool
2026-02-25 00:00:00,1032437577,Rocket Pool,liquid_staking,rocket-pool
2026-02-26 00:00:00,1152090784,Rocket Pool,liquid_staking,rocket-pool
2026-02-27 00:00:00,1134853908,Rocket Pool,liquid_staking,rocket-pool
2026-02-28 00:00:00,1093278533,Rocket Pool,liquid_staking,rocket-pool
2026-03-01 00:00:00,1112780069,Rocket Pool,liquid_staking,rocket-pool
2026-03-02 00:00:00,1105460529,Rocket Pool,liquid_staking,rocket-pool
2026-03-03 00:00:00,1158824838,Rocket Pool,liquid_staking,rocket-pool
2026-03-04 00:00:00,1133401271,Rocket Pool,liquid_staking,rocket-pool
2026-03-05 00:00:00,1215494946,Rocket Pool,liquid_staking,rocket-pool
2026-03-06 00:00:00,1183449099,Rocket Pool,liquid_staking,rocket-pool
2026-03-07 00:00:00,1132988062,Rocket Pool,liquid_staking,rocket-pool
2026-03-08 00:00:00,1127841590,Rocket Pool,liquid_staking,rocket-pool
2026-03-09 00:00:00,1110550800,Rocket Pool,liquid_staking,rocket-pool
2026-03-10 00:00:00,1154107939,Rocket Pool,liquid_staking,rocket-pool
2026-03-11 00:00:00,1170774522,Rocket Pool,liquid_staking,rocket-pool
2026-03-12 00:00:00,1181548982,Rocket Pool,liquid_staking,rocket-pool
2026-03-13 00:00:00,1206825396,Rocket Pool,liquid_staking,rocket-pool
2026-03-14 00:00:00,1202397783,Rocket Pool,liquid_staking,rocket-pool
2026-03-15 00:00:00,1202617096,Rocket Pool,liquid_staking,rocket-pool
2026-03-16 00:00:00,1254253765,Rocket Pool,liquid_staking,rocket-pool
2026-03-17 00:00:00,1357886982,Rocket Pool,liquid_staking,rocket-pool
2026-03-18 00:00:00,1342687291,Rocket Pool,liquid_staking,rocket-pool
2026-03-19 00:00:00,1273204210,Rocket Pool,liquid_staking,rocket-pool
2026-03-20 00:00:00,1237569313,Rocket Pool,liquid_staking,rocket-pool
2026-03-21 00:00:00,1241661771,Rocket Pool,liquid_staking,rocket-pool
2026-03-22 00:00:00,1207053028,Rocket Pool,liquid_staking,rocket-pool
2026-03-23 00:00:00,1190859195,Rocket Pool,liquid_staking,rocket-pool
2026-03-24 00:00:00,1244287172,Rocket Pool,liquid_staking,rocket-pool
2026-03-25 00:00:00,1250322297,Rocket Pool,liquid_staking,rocket-pool
2026-03-26 00:00:00,1255731577,Rocket Pool,liquid_staking,rocket-pool
2026-03-27 00:00:00,1193149280,Rocket Pool,liquid_staking,rocket-pool
2026-03-28 00:00:00,1154195659,Rocket Pool,liquid_staking,rocket-pool
2026-03-29 00:00:00,1157327293,Rocket Pool,liquid_staking,rocket-pool
2026-03-30 00:00:00,1162741765,Rocket Pool,liquid_staking,rocket-pool
2026-03-31 00:00:00,1172406649,Rocket Pool,liquid_staking,rocket-pool
2026-04-01 00:00:00,1217621711,Rocket Pool,liquid_staking,rocket-pool
2026-04-02 00:00:00,1245199872,Rocket Pool,liquid_staking,rocket-pool
2026-04-03 00:00:00,1184922683,Rocket Pool,liquid_staking,rocket-pool
2026-04-04 00:00:00,1185716770,Rocket Pool,liquid_staking,rocket-pool
2026-04-05 00:00:00,1191706671,Rocket Pool,liquid_staking,rocket-pool
2026-04-06 00:00:00,1220722355,Rocket Pool,liquid_staking,rocket-pool
2026-04-07 00:00:00,1214117145,Rocket Pool,liquid_staking,rocket-pool
2026-04-08 00:00:00,1288221517,Rocket Pool,liquid_staking,rocket-pool
2026-04-09 00:00:00,1249486658,Rocket Pool,liquid_staking,rocket-pool
2026-04-10 00:00:00,1253402331,Rocket Pool,liquid_staking,rocket-pool
2026-04-11 00:00:00,1278087850,Rocket Pool,liquid_staking,rocket-pool
2026-04-12 00:00:00,1302087584,Rocket Pool,liquid_staking,rocket-pool
2026-04-13 00:00:00,1251735136,Rocket Pool,liquid_staking,rocket-pool
2026-04-14 00:00:00,1352396194,Rocket Pool,liquid_staking,rocket-pool
2026-04-15 00:00:00,1330202635,Rocket Pool,liquid_staking,rocket-pool
2026-04-16 00:00:00,1341869695,Rocket Pool,liquid_staking,rocket-pool
2026-04-17 00:00:00,1335827708,Rocket Pool,liquid_staking,rocket-pool
2026-04-18 00:00:00,1376697855,Rocket Pool,liquid_staking,rocket-pool
2026-04-19 00:00:00,1336883895,Rocket Pool,liquid_staking,rocket-pool
2026-04-20 00:00:00,1288437277,Rocket Pool,liquid_staking,rocket-pool
2026-04-21 00:00:00,1313977567,Rocket Pool,liquid_staking,rocket-pool
2026-04-22 00:00:00,1316236328,Rocket Pool,liquid_staking,rocket-pool
2026-04-23 00:00:00,1339296077,Rocket Pool,liquid_staking,rocket-pool
2026-04-24 00:00:00,1319574120,Rocket Pool,liquid_staking,rocket-pool
2026-04-25 00:00:00,1300598118,Rocket Pool,liquid_staking,rocket-pool
2026-04-26 00:00:00,1298695066,Rocket Pool,liquid_staking,rocket-pool
2026-04-27 00:00:00,1296215249,Rocket Pool,liquid_staking,rocket-pool
2026-04-28 00:00:00,1257042210,Rocket Pool,liquid_staking,rocket-pool
2026-04-29 00:00:00,1241126049,Rocket Pool,liquid_staking,rocket-pool
2026-04-30 00:00:00,1211712551,Rocket Pool,liquid_staking,rocket-pool
2026-05-01 00:00:00,1150971437,Rocket Pool,liquid_staking,rocket-pool
2026-05-02 00:00:00,1157827535,Rocket Pool,liquid_staking,rocket-pool
2026-05-03 00:00:00,1160609958,Rocket Pool,liquid_staking,rocket-pool
2026-05-04 00:00:00,1167541439,Rocket Pool,liquid_staking,rocket-pool
2026-05-05 00:00:00,1181186126,Rocket Pool,liquid_staking,rocket-pool
2026-05-06 00:00:00,1187631143,Rocket Pool,liquid_staking,rocket-pool
2026-05-07 00:00:00,1179783548,Rocket Pool,liquid_staking,rocket-pool
2026-05-08 00:00:00,1149723160,Rocket Pool,liquid_staking,rocket-pool
2026-05-09 00:00:00,1155106225,Rocket Pool,liquid_staking,rocket-pool
2026-05-10 00:00:00,1161550441,Rocket Pool,liquid_staking,rocket-pool
2026-05-11 00:00:00,1177931297,Rocket Pool,liquid_staking,rocket-pool
2026-05-12 00:00:00,1162086261,Rocket Pool,liquid_staking,rocket-pool
2026-05-13 00:00:00,1135565616,Rocket Pool,liquid_staking,rocket-pool
2026-05-14 00:00:00,1130286171,Rocket Pool,liquid_staking,rocket-pool
2026-05-15 00:00:00,1137796615,Rocket Pool,liquid_staking,rocket-pool
2026-05-16 00:00:00,1106988804,Rocket Pool,liquid_staking,rocket-pool
2026-05-17 00:00:00,1083476389,Rocket Pool,liquid_staking,rocket-pool
2026-05-17 11:47:23,1088791298,Rocket Pool,liquid_staking,rocket-pool
